source,event_time_raw,event_time_utc,event_time_epoch_ms,incident_type,location
fire,05/04/2026 11:37,2026-05-04T15:37:00Z,1777909020000,MED2,1500 LEONARD ST NE
fire,05/04/2026 11:40,2026-05-04T15:40:00Z,1777909200000,MED2,2700 28TH ST SE
police,05/04/2026 11:40,2026-05-04T15:40:00Z,1777909200000,UNKACC,2700 28TH ST SE
police,05/04/2026 11:51,2026-05-04T15:51:00Z,1777909860000,DOM,1100 MARSHALL AVE SE
police,05/04/2026 11:54,2026-05-04T15:54:00Z,1777910040000,DOM,100 HOUSEMAN AVE NE
fire,05/04/2026 11:55,2026-05-04T15:55:00Z,1777910100000,INVEST,2400 COLLEGE AVE SE
police,05/04/2026 12:00,2026-05-04T16:00:00Z,1777910400000,WARRANTA,0 MONROE CENTER ST NW
police,05/04/2026 12:07,2026-05-04T16:07:00Z,1777910820000,DOM,1700 LEONARD ST NE
fire,05/04/2026 12:15,2026-05-04T16:15:00Z,1777911300000,MED1,2400 EASTERN AVE SE
fire,05/04/2026 12:22,2026-05-04T16:22:00Z,1777911720000,MED1,2300 BURTON ST SE
police,05/04/2026 12:30,2026-05-04T16:30:00Z,1777912200000,DISO,300 MARTIN LUTHER KING JR ST SE
fire,05/04/2026 12:33,2026-05-04T16:33:00Z,1777912380000,MED1,3500 FULLER AVE SE
police,05/04/2026 12:33,2026-05-04T16:33:00Z,1777912380000,WELFARE,1100 MONROE AVE NW
police,05/04/2026 12:33,2026-05-04T16:33:00Z,1777912380000,STOP,JENNETTE AVE NW / 11TH ST NW
police,05/04/2026 12:39,2026-05-04T16:39:00Z,1777912740000,WELFARE,100 STEWART ST SW
police,05/04/2026 12:46,2026-05-04T16:46:00Z,1777913160000,DISO,100 NATIONAL AVE SW
fire,05/04/2026 12:49,2026-05-04T16:49:00Z,1777913340000,MED1,0 PLEASANT ST SE
fire,05/04/2026 12:53,2026-05-04T16:53:00Z,1777913580000,MED1,COMMERCE AVE SW / WILLIAMS ST SW
police,05/04/2026 12:53,2026-05-04T16:53:00Z,1777913580000,FI,200 UNION AVE SE
police,05/04/2026 12:56,2026-05-04T16:56:00Z,1777913760000,PARKING,800 ALGER ST SE
police,05/04/2026 13:00,2026-05-04T17:00:00Z,1777914000000,STOP,300 COMMERCE AVE SW
police,05/04/2026 13:00,2026-05-04T17:00:00Z,1777914000000,LOSTFOUND,MARTIN LUTHER KING JR ST SE / JEFFERSON AVE SE
fire,05/04/2026 13:01,2026-05-04T17:01:00Z,1777914060000,MED2,100 COVELL AVE NW
police,05/04/2026 13:01,2026-05-04T17:01:00Z,1777914060000,THREAT,100 JEFFERSON AVE SE
police,05/04/2026 13:02,2026-05-04T17:02:00Z,1777914120000,WARRANTA,0 MONROE CENTER ST NW
police,05/04/2026 13:10,2026-05-04T17:10:00Z,1777914600000,DOMA,200 COLLEGE AVE SE
police,05/04/2026 13:13,2026-05-04T17:13:00Z,1777914780000,WELFARE,0 GROVE ST NE
fire,05/04/2026 13:14,2026-05-04T17:14:00Z,1777914840000,FIREALARM,1500 E FULTON ST
police,05/04/2026 13:27,2026-05-04T17:27:00Z,1777915620000,PARKING,800 PROSPECT AVE NE
police,05/04/2026 13:29,2026-05-04T17:29:00Z,1777915740000,WELFARE,0 MONROE CENTER ST NW
police,05/04/2026 13:30,2026-05-04T17:30:00Z,1777915800000,PDB,I-196 WB AT LANE
fire,05/04/2026 13:31,2026-05-04T17:31:00Z,1777915860000,MED2,BRIDGE ST NW / STOCKING AVE NW
police,05/04/2026 13:41,2026-05-04T17:41:00Z,1777916460000,FI,300 IONIA AVE SW
police,05/04/2026 13:43,2026-05-04T17:43:00Z,1777916580000,FI,100 LURAY AVE NW
police,05/04/2026 13:49,2026-05-04T17:49:00Z,1777916940000,STOP,JEFFERSON AVE SE / MARTIN LUTHER KING JR ST SE(SO)
police,05/04/2026 13:51,2026-05-04T17:51:00Z,1777917060000,DISO,PLAINFIELD OVER I-96
police,05/04/2026 14:00,2026-05-04T18:00:00Z,1777917600000,DISO,2200 DEAN LAKE AVE NE
police,05/04/2026 14:02,2026-05-04T18:02:00Z,1777917720000,BARK,200 EDISON PARK AVE NW
fire,05/04/2026 14:15,2026-05-04T18:15:00Z,1777918500000,MED1,S DIVISION AVE / WESTON ST SE
police,05/04/2026 14:17,2026-05-04T18:17:00Z,1777918620000,STOP,MARTIN LUTHER KING JR ST SE / (SO)ALTO AVE SE
police,05/04/2026 14:33,2026-05-04T18:33:00Z,1777919580000,WELFARE,100 GOLD AVE NW
police,05/04/2026 14:38,2026-05-04T18:38:00Z,1777919880000,WELFARE,400 2ND ST NW
police,05/04/2026 14:44,2026-05-04T18:44:00Z,1777920240000,PEACE,700 28TH ST SE
police,05/04/2026 14:49,2026-05-04T18:49:00Z,1777920540000,STOP,MYRTLE ST NW / HAMILTON AVE NW
fire,05/04/2026 14:55,2026-05-04T18:55:00Z,1777920900000,MED1,1300 UNION AVE NE
police,05/04/2026 14:58,2026-05-04T18:58:00Z,1777921080000,ALARM,200 MONROE AVE NW
fire,05/04/2026 15:00,2026-05-04T19:00:00Z,1777921200000,MED2,0 WILLIAMS ST SW
police,05/04/2026 15:00,2026-05-04T19:00:00Z,1777921200000,SUSPICIOUS,2100 EAST BELTLINE AVE NE
fire,05/04/2026 15:06,2026-05-04T19:06:00Z,1777921560000,MED1,900 MICHIGAN ST NE
police,05/04/2026 15:13,2026-05-04T19:13:00Z,1777921980000,WELFARE,1900 BOSTON ST SE
police,05/04/2026 15:19,2026-05-04T19:19:00Z,1777922340000,CHILD,800 OAKLAND AVE SW
police,05/04/2026 15:25,2026-05-04T19:25:00Z,1777922700000,PD,1400 VAN AUKEN ST SE
fire,05/04/2026 15:30,2026-05-04T19:30:00Z,1777923000000,AOA,2000 32ND ST SE
police,05/04/2026 15:31,2026-05-04T19:31:00Z,1777923060000,STOP,KALAMAZOO AVE SE / HAZEN ST SE
police,05/04/2026 15:37,2026-05-04T19:37:00Z,1777923420000,STOP,300 LEXINGTON AVE NW
police,05/04/2026 15:38,2026-05-04T19:38:00Z,1777923480000,STOP,GOLD AVE NW / CHATHAM ST NW
police,05/04/2026 15:43,2026-05-04T19:43:00Z,1777923780000,FI,2200 S DIVISION AVE
police,05/04/2026 15:46,2026-05-04T19:46:00Z,1777923960000,DOM,IONIA AVE NW / FOUNTAIN ST NW
fire,05/04/2026 15:50,2026-05-04T19:50:00Z,1777924200000,MED1,MARTIN LUTHER KING JR ST SE / S DIVISION AVE
police,05/04/2026 16:00,2026-05-04T20:00:00Z,1777924800000,WELFARE,100 S DIVISION AVE
fire,05/04/2026 16:06,2026-05-04T20:06:00Z,1777925160000,MED2,100 RICHARDS AVE NW
police,05/04/2026 16:08,2026-05-04T20:08:00Z,1777925280000,TRES,1200 LEONARD ST NW
police,05/04/2026 16:34,2026-05-04T20:34:00Z,1777926840000,STOP,SHELDON AVE SE / WESTON ST SE
police,05/04/2026 17:05,2026-05-04T21:05:00Z,1777928700000,DOM,700 CASS AVE SE
police,05/04/2026 17:05,2026-05-04T21:05:00Z,1777928700000,SUICIDETH,LEONARD ST NW / TURNER AVE NW
fire,05/04/2026 17:11,2026-05-04T21:11:00Z,1777929060000,MED1,700 OAKDALE ST SE
fire,05/04/2026 17:27,2026-05-04T21:27:00Z,1777930020000,MED1,MICHIGAN ST NW / MONROE AVE NW
police,05/04/2026 17:28,2026-05-04T21:28:00Z,1777930080000,911H,400 BARNETT ST NE
fire,05/04/2026 17:34,2026-05-04T21:34:00Z,1777930440000,INVEST,2100 GODWIN AVE SE
fire,05/04/2026 17:40,2026-05-04T21:40:00Z,1777930800000,FIRESTRUC,1300 36TH ST SE
fire,05/04/2026 17:42,2026-05-04T21:42:00Z,1777930920000,MED1,1700 S DIVISION AVE
police,05/04/2026 17:42,2026-05-04T21:42:00Z,1777930920000,CSC,WEALTHY ST SW / S DIVISION AVE
fire,05/04/2026 17:49,2026-05-04T21:49:00Z,1777931340000,MED1,1900 FRANCIS AVE SE
police,05/04/2026 17:55,2026-05-04T21:55:00Z,1777931700000,RECKLESS,100 GUNNISON AVE SW
police,05/04/2026 18:06,2026-05-04T22:06:00Z,1777932360000,STOP,300 LEXINGTON AVE NW
police,05/04/2026 18:18,2026-05-04T22:18:00Z,1777933080000,WELFARE,100 ANN ST NE
fire,05/04/2026 18:19,2026-05-04T22:19:00Z,1777933140000,MED1,1300 LEONARD ST NE
police,05/04/2026 18:19,2026-05-04T22:19:00Z,1777933140000,PD,MADISON AVE SE / BURTON ST SE
police,05/04/2026 18:22,2026-05-04T22:22:00Z,1777933320000,DOM,100 RANSOM AVE NE
fire,05/04/2026 18:23,2026-05-04T22:23:00Z,1777933380000,MED1,800 CROSBY ST NW
police,05/04/2026 18:37,2026-05-04T22:37:00Z,1777934220000,DOM,900 ARDMORE ST SE
fire,05/04/2026 18:44,2026-05-04T22:44:00Z,1777934640000,MED1,1300 ALPINE AVE NW
police,05/04/2026 18:48,2026-05-04T22:48:00Z,1777934880000,ASLT,200 COMMERCE AVE SW
police,05/04/2026 18:55,2026-05-04T22:55:00Z,1777935300000,STOP,LAKE MICHIGAN DR NW / SEWARD AVE NW
police,05/04/2026 18:57,2026-05-04T22:57:00Z,1777935420000,OBSCENE,1100 MICHIGAN ST NE
police,05/04/2026 18:58,2026-05-04T22:58:00Z,1777935480000,PIHR,OXFORD TRAIL ACCESS - BUTTERWORTH ST SW
police,05/04/2026 19:00,2026-05-04T23:00:00Z,1777935600000,WELFARE,2000 S DIVISION AVE
police,05/04/2026 19:07,2026-05-04T23:07:00Z,1777936020000,MISC,100 QUIGLEY BLVD SW
police,05/04/2026 19:07,2026-05-04T23:07:00Z,1777936020000,ALARM,1600 MADISON AVE SE
police,05/04/2026 19:07,2026-05-04T23:07:00Z,1777936020000,PDB,2400 28TH ST SE
police,05/04/2026 19:09,2026-05-04T23:09:00Z,1777936140000,DOMA,2900 MARSHALL AVE SE
police,05/04/2026 19:10,2026-05-04T23:10:00Z,1777936200000,STOP,DELAWARE ST SE / S DIVISION AVE
police,05/04/2026 19:11,2026-05-04T23:11:00Z,1777936260000,DISO,FOUNTAIN ST NE / LANGDON AVE NE
police,05/04/2026 19:14,2026-05-04T23:14:00Z,1777936440000,WELFARE,US-131 NB NO WEALTHY
fire,05/04/2026 19:15,2026-05-04T23:15:00Z,1777936500000,MED1,400 DICKINSON ST SE
police,05/04/2026 19:15,2026-05-04T23:15:00Z,1777936500000,PIHR,400 DICKINSON ST SE
fire,05/04/2026 19:16,2026-05-04T23:16:00Z,1777936560000,MED1,3100 PLAZA DR NE
police,05/04/2026 19:16,2026-05-04T23:16:00Z,1777936560000,ASLT,200 JEFFERSON AVE SE
police,05/04/2026 19:19,2026-05-04T23:19:00Z,1777936740000,STOP,SHELDON AVE SE / OAKES ST SE
police,05/04/2026 19:21,2026-05-04T23:21:00Z,1777936860000,BROADCAST,CESAR E CHAVEZ AVE SW / WEALTHY ST SW
police,05/04/2026 19:23,2026-05-04T23:23:00Z,1777936980000,DOM,1100 LINCOLN AVE NW
fire,05/04/2026 19:27,2026-05-04T23:27:00Z,1777937220000,MED1,1900 BRIDGE ST NW
police,05/04/2026 19:28,2026-05-04T23:28:00Z,1777937280000,WELFARE,DIAMOND AVE NE / MICHIGAN ST NE
police,05/04/2026 19:30,2026-05-04T23:30:00Z,1777937400000,DOMA,100 BANNER ST SW
police,05/04/2026 19:30,2026-05-04T23:30:00Z,1777937400000,WELFARE,100 WESTON ST SW
fire,05/04/2026 19:54,2026-05-04T23:54:00Z,1777938840000,MED1,2200 SHENANDOAH DR NW
police,05/04/2026 19:59,2026-05-04T23:59:00Z,1777939140000,STOP,BROOKVILLE PLZ SE / MARSHALL AVE SE
police,05/04/2026 20:02,2026-05-05T00:02:00Z,1777939320000,STOP,LYON ST NW / OTTAWA AVE NW
police,05/04/2026 20:02,2026-05-05T00:02:00Z,1777939320000,STOP,MONROE AVE NW / TROWBRIDGE ST NW
police,05/04/2026 20:08,2026-05-05T00:08:00Z,1777939680000,DISO,1700 S  GREENFIELD  CIR NE
police,05/04/2026 20:11,2026-05-05T00:11:00Z,1777939860000,ANIC,600 BRIDGE ST NW
police,05/04/2026 20:16,2026-05-05T00:16:00Z,1777940160000,ASLT,100 FRONT AVE NW
police,05/04/2026 20:25,2026-05-05T00:25:00Z,1777940700000,SHOTS,1200 ELLIOTT ST SE
police,05/04/2026 20:27,2026-05-05T00:27:00Z,1777940820000,911U,100 S DIVISION AVE
fire,05/04/2026 20:38,2026-05-05T00:38:00Z,1777941480000,MED1,1200 CEDAR ST NE
police,05/04/2026 20:44,2026-05-05T00:44:00Z,1777941840000,WELFARE,1500 MAYFIELD AVE NE
police,05/04/2026 20:46,2026-05-05T00:46:00Z,1777941960000,BURGC,600 SEWARD AVE NW
police,05/04/2026 20:55,2026-05-05T00:55:00Z,1777942500000,WELFARE,500 BRIDGE ST NW
police,05/04/2026 20:56,2026-05-05T00:56:00Z,1777942560000,ALARM,1400 MAYFIELD AVE NE
fire,05/04/2026 20:58,2026-05-05T00:58:00Z,1777942680000,FIREALARM,1500 E FULTON ST
police,05/04/2026 20:58,2026-05-05T00:58:00Z,1777942680000,DOM,LOGAN ST SE / COLLEGE AVE SE
police,05/04/2026 20:59,2026-05-05T00:59:00Z,1777942740000,SUICIDEAT,2400 KNAPP ST NE
police,05/04/2026 21:02,2026-05-05T01:02:00Z,1777942920000,STOP,28TH ST SE / KALAMAZOO AVE SE
police,05/04/2026 21:07,2026-05-05T01:07:00Z,1777943220000,ASLT,400 BRIDGE ST NW
police,05/04/2026 21:12,2026-05-05T01:12:00Z,1777943520000,CSC,4000 CAMELOT DR SE
police,05/04/2026 21:13,2026-05-05T01:13:00Z,1777943580000,THREAT,400 IONIA AVE SW
police,05/04/2026 21:17,2026-05-05T01:17:00Z,1777943820000,SHOTS,900 LAFAYETTE AVE NE
police,05/04/2026 21:24,2026-05-05T01:24:00Z,1777944240000,DOMA,1100 MICHIGAN ST NE
police,05/04/2026 21:27,2026-05-05T01:27:00Z,1777944420000,ALARM,1700 28TH ST SE
police,05/04/2026 21:33,2026-05-05T01:33:00Z,1777944780000,PDHR,1500 JENNINGS ST SE
police,05/04/2026 21:33,2026-05-05T01:33:00Z,1777944780000,DISO,2200 APPLE AVE NW
police,05/04/2026 21:48,2026-05-05T01:48:00Z,1777945680000,DOM,200 JAMES AVE SE
police,05/04/2026 21:49,2026-05-05T01:49:00Z,1777945740000,ASLT,1800 S DIVISION AVE
fire,05/04/2026 21:57,2026-05-05T01:57:00Z,1777946220000,MED2,2500 LAKE MICHIGAN DR NW
police,05/04/2026 22:03,2026-05-05T02:03:00Z,1777946580000,ASSIST,LA GRAVE AVE SE / WEALTHY ST SE
fire,05/04/2026 22:08,2026-05-05T02:08:00Z,1777946880000,MED1,200 COMMERCE AVE SW
police,05/04/2026 22:10,2026-05-05T02:10:00Z,1777947000000,DISO,500 MICHIGAN ST NE
police,05/04/2026 22:16,2026-05-05T02:16:00Z,1777947360000,ALARM,2000 CELEBRATION DR NE
fire,05/04/2026 22:23,2026-05-05T02:23:00Z,1777947780000,MED1,100 MONROE AVE NW
fire,05/04/2026 22:24,2026-05-05T02:24:00Z,1777947840000,MED2,500 PARIS AVE SE
police,05/04/2026 22:24,2026-05-05T02:24:00Z,1777947840000,STOP,3700 CAMELOT DR SE
police,05/04/2026 22:31,2026-05-05T02:31:00Z,1777948260000,NOISE,900 KALAMAZOO AVE SE
police,05/04/2026 22:41,2026-05-05T02:41:00Z,1777948860000,911U,1900 DAWSON AVE NE
police,05/04/2026 22:44,2026-05-05T02:44:00Z,1777949040000,STOP,11TH ST NW / TURNER AVE NW
police,05/04/2026 22:51,2026-05-05T02:51:00Z,1777949460000,STOP,6TH ST NW / TURNER AVE NW
police,05/04/2026 22:52,2026-05-05T02:52:00Z,1777949520000,STOP,BROADWAY AVE NW / 6TH ST NW
police,05/04/2026 23:00,2026-05-05T03:00:00Z,1777950000000,STOP,S DIVISION AVE / ALBANY ST SW
police,05/04/2026 23:04,2026-05-05T03:04:00Z,1777950240000,SUSPICIOUS,900 INNES ST NE
police,05/04/2026 23:08,2026-05-05T03:08:00Z,1777950480000,WELFARE,800 SHERMAN ST SE
police,05/04/2026 23:11,2026-05-05T03:11:00Z,1777950660000,WELFARE,1100 MONROE AVE NW
police,05/04/2026 23:14,2026-05-05T03:14:00Z,1777950840000,STOP,SEWARD AVE NW / 5TH ST NW
police,05/04/2026 23:17,2026-05-05T03:17:00Z,1777951020000,DISO,1300 BUFFALO AVE NE
fire,05/04/2026 23:20,2026-05-05T03:20:00Z,1777951200000,FIREALARM,600 MADISON AVE SE
police,05/04/2026 23:30,2026-05-05T03:30:00Z,1777951800000,ASLT,1200 LEONARD ST NW
police,05/04/2026 23:35,2026-05-05T03:35:00Z,1777952100000,DISO,2900 MARSHALL AVE SE
police,05/04/2026 23:41,2026-05-05T03:41:00Z,1777952460000,DOM,1700 ABERDEEN ST NE
police,05/04/2026 23:44,2026-05-05T03:44:00Z,1777952640000,NOISE,0 OAKES ST SW
police,05/04/2026 23:49,2026-05-05T03:49:00Z,1777952940000,SUSPICIOUS,900 33RD ST SE
fire,05/04/2026 23:50,2026-05-05T03:50:00Z,1777953000000,FIREVEH,1100 UNDERHILL AVE SW
police,05/04/2026 23:51,2026-05-05T03:51:00Z,1777953060000,ALARM,800 OAKLAND AVE SW
police,05/05/2026 00:01,2026-05-05T04:01:00Z,1777953660000,SUSPICIOUS,2700 EAST BELTLINE AVE SE
police,05/05/2026 00:10,2026-05-05T04:10:00Z,1777954200000,STOP,BUTTERWORTH ST SW / INDIANA AVE SW
police,05/05/2026 00:13,2026-05-05T04:13:00Z,1777954380000,WELFARE,100 BURTON ST SW
police,05/05/2026 00:18,2026-05-05T04:18:00Z,1777954680000,STOP,LA GRAVE AVE SE / WEALTHY ST SE
police,05/05/2026 00:20,2026-05-05T04:20:00Z,1777954800000,DOM,1400 FULLER AVE SE
fire,05/05/2026 00:29,2026-05-05T04:29:00Z,1777955340000,FIREALARM,2300 BURTON ST SE
police,05/05/2026 00:31,2026-05-05T04:31:00Z,1777955460000,STOP,OAKES ST SE / JEFFERSON AVE SE
police,05/05/2026 00:43,2026-05-05T04:43:00Z,1777956180000,SUSPICIOUS,1000 BATES ST SE
police,05/05/2026 00:44,2026-05-05T04:44:00Z,1777956240000,STOP,S DIVISION AVE / BUCKLEY ST SW
police,05/05/2026 00:50,2026-05-05T04:50:00Z,1777956600000,ALARM,2000 EAST BELTLINE AVE SE
police,05/05/2026 00:51,2026-05-05T04:51:00Z,1777956660000,FRAUD,400 S DIVISION AVE
police,05/05/2026 00:53,2026-05-05T04:53:00Z,1777956780000,STOP,MICHIGAN ST NE / COLLEGE AVE NE
police,05/05/2026 00:54,2026-05-05T04:54:00Z,1777956840000,STOP,MADISON AVE SE / ALGER ST SE
police,05/05/2026 00:55,2026-05-05T04:55:00Z,1777956900000,DOM,900 PERKINS AVE NE
police,05/05/2026 00:59,2026-05-05T04:59:00Z,1777957140000,SUSPICIOUS,1600 SEMINOLE RD SE
police,05/05/2026 01:14,2026-05-05T05:14:00Z,1777958040000,STOP,S DIVISION AVE / WEALTHY ST SE
police,05/05/2026 01:17,2026-05-05T05:17:00Z,1777958220000,ASLT,200 JEFFERSON AVE SE
police,05/05/2026 01:20,2026-05-05T05:20:00Z,1777958400000,STOP,EASTERN AVE SE / SHERMAN ST SE
fire,05/05/2026 01:21,2026-05-05T05:21:00Z,1777958460000,MED1,700 BALL AVE NE
police,05/05/2026 01:21,2026-05-05T05:21:00Z,1777958460000,STOP,2300 STAFFORD AVE SW
police,05/05/2026 01:21,2026-05-05T05:21:00Z,1777958460000,STOP,600 FRONT AVE NW
police,05/05/2026 01:29,2026-05-05T05:29:00Z,1777958940000,STOP,WEALTHY ST SE / SHELDON AVE SE
police,05/05/2026 01:31,2026-05-05T05:31:00Z,1777959060000,STOP,FULLER AVE NE / CRESCENT ST NE
police,05/05/2026 01:31,2026-05-05T05:31:00Z,1777959060000,STOP,MONROE AVE NW / LYON ST NW
police,05/05/2026 01:33,2026-05-05T05:33:00Z,1777959180000,STOP,EASTERN AVE SE / GRIGGS ST SE
police,05/05/2026 01:37,2026-05-05T05:37:00Z,1777959420000,STOP,100 MONROE CENTER ST NW
police,05/05/2026 01:40,2026-05-05T05:40:00Z,1777959600000,STOP,ALPINE AVE NW / WEBSTER ST NW
police,05/05/2026 01:41,2026-05-05T05:41:00Z,1777959660000,STOP,HALL OVER US-131
police,05/05/2026 01:42,2026-05-05T05:42:00Z,1777959720000,STOP,400 S DIVISION AVE
police,05/05/2026 01:43,2026-05-05T05:43:00Z,1777959780000,STOP,DIAMOND AVE NE / LEONARD ST NE
police,05/05/2026 01:46,2026-05-05T05:46:00Z,1777959960000,STOP,LEONARD ST NW / QUARRY AVE NW
fire,05/05/2026 01:47,2026-05-05T05:47:00Z,1777960020000,MED1,1400 KALAMAZOO AVE SE
police,05/05/2026 01:51,2026-05-05T05:51:00Z,1777960260000,THREAT,1100 DAVIS AVE NW
fire,05/05/2026 01:55,2026-05-05T05:55:00Z,1777960500000,MED1,200 S DIVISION AVE
police,05/05/2026 01:55,2026-05-05T05:55:00Z,1777960500000,STOP,LEONARD ST NE / N TAYLOR AVE
fire,05/05/2026 01:57,2026-05-05T05:57:00Z,1777960620000,MED1,WHITE AVE NW / MORGAN ST NW
police,05/05/2026 02:04,2026-05-05T06:04:00Z,1777961040000,DOM,1000 HANCOCK ST SE
police,05/05/2026 02:16,2026-05-05T06:16:00Z,1777961760000,STOP,TEMPLE ST SE / FULLER AVE SE
police,05/05/2026 02:21,2026-05-05T06:21:00Z,1777962060000,DOM,700 STOCKING AVE NW
police,05/05/2026 02:25,2026-05-05T06:25:00Z,1777962300000,STOP,COLLEGE TO I-196 WB RAMP
police,05/05/2026 02:31,2026-05-05T06:31:00Z,1777962660000,STOP,S DIVISION AVE / BARTLETT ST SW
police,05/05/2026 02:39,2026-05-05T06:39:00Z,1777963140000,TRES,400 S DIVISION AVE
police,05/05/2026 02:42,2026-05-05T06:42:00Z,1777963320000,STOP,S DIVISION AVE / GOODRICH ST SE(EO)
police,05/05/2026 02:59,2026-05-05T06:59:00Z,1777964340000,STOP,WEALTHY ST SW / COMMERCE AVE SW
police,05/05/2026 03:01,2026-05-05T07:01:00Z,1777964460000,STOP,MADISON AVE SE / HOWARD ST SE
police,05/05/2026 03:02,2026-05-05T07:02:00Z,1777964520000,STOP,MADISON AVE SE / HOWARD ST SE
police,05/05/2026 03:07,2026-05-05T07:07:00Z,1777964820000,STOP,PLAINFIELD AVE NE / CARRIER ST NE
police,05/05/2026 03:10,2026-05-05T07:10:00Z,1777965000000,STOP,BARNETT ST NE / COIT AVE NE
fire,05/05/2026 03:37,2026-05-05T07:37:00Z,1777966620000,MED2,0 UNION AVE NE
police,05/05/2026 04:06,2026-05-05T08:06:00Z,1777968360000,TRANSP,12100 FILLMORE ST
fire,05/05/2026 04:30,2026-05-05T08:30:00Z,1777969800000,FIREVEH,OBRIEN RD SW / BUTTERWORTH ST SW
police,05/05/2026 04:30,2026-05-05T08:30:00Z,1777969800000,DOM,500 CEDAR ST NE
police,05/05/2026 05:12,2026-05-05T09:12:00Z,1777972320000,ASSIST,OBRIEN RD SW / BUTTERWORTH ST SW
police,05/05/2026 05:18,2026-05-05T09:18:00Z,1777972680000,ALARM,1200 CESAR E CHAVEZ AVE SW
fire,05/05/2026 05:22,2026-05-05T09:22:00Z,1777972920000,MED2,1900 BRIDGE ST NW
police,05/05/2026 05:30,2026-05-05T09:30:00Z,1777973400000,SUSPICIOUS,SKYWALK OVER MARKET
fire,05/05/2026 05:32,2026-05-05T09:32:00Z,1777973520000,MED2,SKYWALK OVER MARKET
police,05/05/2026 06:01,2026-05-05T10:01:00Z,1777975260000,STOP,COVELL AVE NW / LAKE MICHIGAN DR NW
fire,05/05/2026 06:02,2026-05-05T10:02:00Z,1777975320000,MED1,1700 DIAMOND AVE NE
police,05/05/2026 06:04,2026-05-05T10:04:00Z,1777975440000,ALARM,2100 ROSEWOOD AVE SE
police,05/05/2026 06:28,2026-05-05T10:28:00Z,1777976880000,ALARM,1600 PLAINFIELD AVE NE
fire,05/05/2026 06:31,2026-05-05T10:31:00Z,1777977060000,MED2,700 TULIP ST SW
police,05/05/2026 06:48,2026-05-05T10:48:00Z,1777978080000,STOP,S DIVISION AVE / COLRAIN ST SE
police,05/05/2026 06:51,2026-05-05T10:51:00Z,1777978260000,STOP,S DIVISION AVE / BARTLETT ST SW
police,05/05/2026 07:11,2026-05-05T11:11:00Z,1777979460000,TRES,1000 CHERRY ST SE
police,05/05/2026 07:11,2026-05-05T11:11:00Z,1777979460000,LOSTFOUND,1400 DAVIS AVE NW
police,05/05/2026 07:12,2026-05-05T11:12:00Z,1777979520000,PDHR,FULLER AVE NE / LEONARD ST NE
police,05/05/2026 07:17,2026-05-05T11:17:00Z,1777979820000,WELFARE,400 PRINCE ST SE
police,05/05/2026 07:20,2026-05-05T11:20:00Z,1777980000000,STOP,MONROE AVE NW / LYON ST NW
police,05/05/2026 07:22,2026-05-05T11:22:00Z,1777980120000,DOM,2400 EDGEWOOD AVE SE
fire,05/05/2026 07:28,2026-05-05T11:28:00Z,1777980480000,FIREALARM,2400 KNAPP ST NE
police,05/05/2026 07:28,2026-05-05T11:28:00Z,1777980480000,STOP,ALGER ST SE / ALMONT AVE SE
police,05/05/2026 07:31,2026-05-05T11:31:00Z,1777980660000,DOMA,1300 BRADFORD ST NE
police,05/05/2026 07:33,2026-05-05T11:33:00Z,1777980780000,STOP,400 SEWARD AVE NW
fire,05/05/2026 07:41,2026-05-05T11:41:00Z,1777981260000,MED2,US-131 NB NO BURTON
police,05/05/2026 07:42,2026-05-05T11:42:00Z,1777981320000,UNKACC,US-131 NB NO BURTON
police,05/05/2026 07:50,2026-05-05T11:50:00Z,1777981800000,STOP,9TH ST NW / DAVIS AVE NW
police,05/05/2026 08:04,2026-05-05T12:04:00Z,1777982640000,PDB,US-131 SB AT HALL
police,05/05/2026 08:05,2026-05-05T12:05:00Z,1777982700000,DOMA,1000 S DIVISION AVE
fire,05/05/2026 08:08,2026-05-05T12:08:00Z,1777982880000,MED2,1100 LINCOLN AVE NW
fire,05/05/2026 08:09,2026-05-05T12:09:00Z,1777982940000,MED2,600 N DIVISION AVE
fire,05/05/2026 08:09,2026-05-05T12:09:00Z,1777982940000,MED1,700 BALL AVE NE
police,05/05/2026 08:09,2026-05-05T12:09:00Z,1777982940000,UNKACC,600 N DIVISION AVE
police,05/05/2026 08:10,2026-05-05T12:10:00Z,1777983000000,CSC,1000 CESAR E CHAVEZ AVE SW
fire,05/05/2026 08:12,2026-05-05T12:12:00Z,1777983120000,MED1,1000 EDISON AVE NW
police,05/05/2026 08:13,2026-05-05T12:13:00Z,1777983180000,STOP,1300 KALAMAZOO AVE SE
police,05/05/2026 08:15,2026-05-05T12:15:00Z,1777983300000,TRANSP,2300 4 MILE RD NW
police,05/05/2026 08:17,2026-05-05T12:17:00Z,1777983420000,STOP,PARIS AVE SE / CRAWFORD ST SE
fire,05/05/2026 08:38,2026-05-05T12:38:00Z,1777984680000,FIREVEH,STATE ST SE / LAFAYETTE AVE SE
fire,05/05/2026 09:01,2026-05-05T13:01:00Z,1777986060000,MED2,1800 MAYFAIR DR NE
police,05/05/2026 09:03,2026-05-05T13:03:00Z,1777986180000,DOMA,MADISON AVE SE / CHERRY ST SE
fire,05/05/2026 09:10,2026-05-05T13:10:00Z,1777986600000,MED1,2100 LEONARD ST NE
fire,05/05/2026 09:10,2026-05-05T13:10:00Z,1777986600000,FIREALARM,900 SHELDON AVE SE
fire,05/05/2026 09:14,2026-05-05T13:14:00Z,1777986840000,MED1,3200 SOFT WATER LAKE DR NE
fire,05/05/2026 09:14,2026-05-05T13:14:00Z,1777986840000,MED1,700 28TH ST SE
police,05/05/2026 09:16,2026-05-05T13:16:00Z,1777986960000,DOM,2900 MARSHALL AVE SE
police,05/05/2026 09:18,2026-05-05T13:18:00Z,1777987080000,LARC,1200 LEONARD ST NE
police,05/05/2026 09:18,2026-05-05T13:18:00Z,1777987080000,ALARM,900 GODFREY AVE SW
police,05/05/2026 09:20,2026-05-05T13:20:00Z,1777987200000,PD,US-131 NB SO BURTON-GR
police,05/05/2026 09:21,2026-05-05T13:21:00Z,1777987260000,WARRANTA,700 LEONARD ST NW
police,05/05/2026 09:30,2026-05-05T13:30:00Z,1777987800000,STOLENV,800 CHATHAM ST NW
police,05/05/2026 09:47,2026-05-05T13:47:00Z,1777988820000,STOP,MICHIGAN ST NE / LAFAYETTE AVE NE
fire,05/08/2026 22:27,2026-05-09T02:27:00Z,1778293620000,MED2,500 CLOVER RIDGE AVE NW
police,05/08/2026 22:39,2026-05-09T02:39:00Z,1778294340000,DISO,36TH ST SE / STEELCASE DR SE
police,05/08/2026 22:48,2026-05-09T02:48:00Z,1778294880000,ALARM,1400 CESAR E CHAVEZ AVE SW
police,05/08/2026 22:50,2026-05-09T02:50:00Z,1778295000000,NOISE,4000 POINTE O WOODS ST SE
police,05/08/2026 22:51,2026-05-09T02:51:00Z,1778295060000,DISO,700 PROSPECT AVE SE
fire,05/08/2026 22:57,2026-05-09T02:57:00Z,1778295420000,FIRESTRUC,4200 KALAMAZOO AVE SE
police,05/08/2026 22:58,2026-05-09T02:58:00Z,1778295480000,STOP,KIRTLAND ST SW / S DIVISION AVE
fire,05/08/2026 22:59,2026-05-09T02:59:00Z,1778295540000,MED1,1400 BURTON ST SE
police,05/08/2026 22:59,2026-05-09T02:59:00Z,1778295540000,DOMA,900 SHERMAN ST SE
fire,05/08/2026 23:05,2026-05-09T03:05:00Z,1778295900000,MED1,600 EASTERN AVE SE
police,05/08/2026 23:05,2026-05-09T03:05:00Z,1778295900000,DOM,600 PETTIBONE AVE NW
fire,05/08/2026 23:15,2026-05-09T03:15:00Z,1778296500000,MED1,4000 WHISPERING WAY SE
police,05/08/2026 23:33,2026-05-09T03:33:00Z,1778297580000,SHOTS,BROADWAY AVE NW / RICHMOND ST NW
fire,05/08/2026 23:45,2026-05-09T03:45:00Z,1778298300000,INVEST,600 MICHIGAN ST NE
police,05/08/2026 23:45,2026-05-09T03:45:00Z,1778298300000,DOM,100 MICHIGAN ST NE
fire,05/08/2026 23:48,2026-05-09T03:48:00Z,1778298480000,MED1,1100 JEFFERSON AVE SE
police,05/08/2026 23:48,2026-05-09T03:48:00Z,1778298480000,ASLTW,1100 JEFFERSON AVE SE
police,05/08/2026 23:59,2026-05-09T03:59:00Z,1778299140000,ASLT,100 SHELDON AVE SE
fire,05/09/2026 00:05,2026-05-09T04:05:00Z,1778299500000,FIREOTHER,600 SHAMROCK ST SW
police,05/09/2026 00:31,2026-05-09T04:31:00Z,1778301060000,NOISE,CESAR E CHAVEZ AVE SW / ROOSEVELT AVE SW
police,05/09/2026 00:36,2026-05-09T04:36:00Z,1778301360000,PDB,HALL ST SW / S DIVISION AVE
police,05/09/2026 00:38,2026-05-09T04:38:00Z,1778301480000,BARK,400 ELLIOTT ST SE
police,05/09/2026 00:41,2026-05-09T04:41:00Z,1778301660000,SUSPICIOUS,4300 CURWOOD AVE SE
police,05/09/2026 00:50,2026-05-09T04:50:00Z,1778302200000,THREAT,4100 OAK PARK DR SE
police,05/09/2026 00:55,2026-05-09T04:55:00Z,1778302500000,LARC,1500 KALAMAZOO AVE SE
police,05/09/2026 00:56,2026-05-09T04:56:00Z,1778302560000,SUSPICIOUS,400 KNAPP ST NE
police,05/09/2026 00:58,2026-05-09T04:58:00Z,1778302680000,ASLT,900 DOUGLAS ST NW
police,05/09/2026 01:20,2026-05-09T05:20:00Z,1778304000000,DOM,900 11TH ST NW
police,05/09/2026 01:32,2026-05-09T05:32:00Z,1778304720000,MISC,0 MONROE CENTER ST NW
police,05/09/2026 01:39,2026-05-09T05:39:00Z,1778305140000,ASLT,0 OTTAWA AVE NW
police,05/09/2026 01:42,2026-05-09T05:42:00Z,1778305320000,DOM,0 SEWARD AVE NW
police,05/09/2026 01:45,2026-05-09T05:45:00Z,1778305500000,ASSIST,2800 S DIVISION AVE
police,05/09/2026 01:47,2026-05-09T05:47:00Z,1778305620000,SUICIDETH,900 CAULFIELD AVE SW
fire,05/09/2026 01:54,2026-05-09T05:54:00Z,1778306040000,MED1,1500 E FULTON ST
police,05/09/2026 02:01,2026-05-09T06:01:00Z,1778306460000,DOM,800 BALLARD ST SE
police,05/09/2026 02:02,2026-05-09T06:02:00Z,1778306520000,SUICIDEAT,1600 LINDEN AVE SE
police,05/09/2026 02:10,2026-05-09T06:10:00Z,1778307000000,DISO,900 DOUGLAS ST NW
police,05/09/2026 02:16,2026-05-09T06:16:00Z,1778307360000,STOP,EASTERN AVE SE / PRINCE ST SE
fire,05/09/2026 02:25,2026-05-09T06:25:00Z,1778307900000,MED1,2000 32ND ST SE
police,05/09/2026 02:31,2026-05-09T06:31:00Z,1778308260000,STOP,HALL ST SE / S DIVISION AVE
police,05/09/2026 02:41,2026-05-09T06:41:00Z,1778308860000,THREAT,600 CHARLES AVE SE
fire,05/09/2026 02:46,2026-05-09T06:46:00Z,1778309160000,MED1,1300 LEONARD ST NE
police,05/09/2026 02:49,2026-05-09T06:49:00Z,1778309340000,ALARM,3400 28TH ST SE
police,05/09/2026 02:54,2026-05-09T06:54:00Z,1778309640000,STOP,MADISON AVE SE / COTTAGE GROVE ST SE
police,05/09/2026 02:57,2026-05-09T06:57:00Z,1778309820000,PDP,0 HALL ST SW
police,05/09/2026 03:08,2026-05-09T07:08:00Z,1778310480000,PARKING,900 OAKDALE ST SE
fire,05/09/2026 03:11,2026-05-09T07:11:00Z,1778310660000,MED1,1100 BRIDGE ST NW
police,05/09/2026 03:13,2026-05-09T07:13:00Z,1778310780000,PI,1100 BRIDGE ST NW
police,05/09/2026 03:17,2026-05-09T07:17:00Z,1778311020000,STOP,KALAMAZOO AVE SE / HALL ST SE
police,05/09/2026 03:34,2026-05-09T07:34:00Z,1778312040000,ASLT,BURTON ST SE / S DIVISION AVE
police,05/09/2026 03:38,2026-05-09T07:38:00Z,1778312280000,RECKLESS,US-131 SB IN S-CURVE
police,05/09/2026 03:39,2026-05-09T07:39:00Z,1778312340000,STOP,S DIVISION AVE / RENA ST SW
fire,05/09/2026 03:51,2026-05-09T07:51:00Z,1778313060000,MED2,1000 MICHIGAN ST NE
police,05/09/2026 03:53,2026-05-09T07:53:00Z,1778313180000,DOM,700 LAKE MICHIGAN DR NW
police,05/09/2026 03:56,2026-05-09T07:56:00Z,1778313360000,WELFARE,MICHIGAN ST NE / BARCLAY AVE NE
police,05/09/2026 03:58,2026-05-09T07:58:00Z,1778313480000,SUSPICIOUS,1100 GARFIELD AVE NW
police,05/09/2026 04:04,2026-05-09T08:04:00Z,1778313840000,SUSPICIOUS,400 MARTIN LUTHER KING JR ST SW
police,05/09/2026 04:20,2026-05-09T08:20:00Z,1778314800000,LOSTFOUND,0 MONROE CENTER ST NW
fire,05/09/2026 04:37,2026-05-09T08:37:00Z,1778315820000,MED1,1200 CEDAR ST NE
police,05/09/2026 04:38,2026-05-09T08:38:00Z,1778315880000,PDHR,KALAMAZOO AVE SE / OAKHILL ST SE
police,05/09/2026 04:44,2026-05-09T08:44:00Z,1778316240000,ASSIST,1500 FORREST AVE NE
fire,05/09/2026 04:46,2026-05-09T08:46:00Z,1778316360000,FIREALARM,1600 MARTIN LUTHER KING JR ST SE
fire,05/09/2026 04:46,2026-05-09T08:46:00Z,1778316360000,MED1,CHERRY ST SE / SHELDON AVE SE
police,05/09/2026 04:53,2026-05-09T08:53:00Z,1778316780000,NOISE,0 SEWARD AVE NW
fire,05/09/2026 05:02,2026-05-09T09:02:00Z,1778317320000,MED1,0 BURTON ST SW
police,05/09/2026 05:07,2026-05-09T09:07:00Z,1778317620000,ASLTW,0 BURTON ST SW
police,05/09/2026 05:19,2026-05-09T09:19:00Z,1778318340000,K9,N DIVISION AVE / LYON ST NW
fire,05/09/2026 05:38,2026-05-09T09:38:00Z,1778319480000,MED2,900 PERKINS AVE NE
fire,05/09/2026 05:45,2026-05-09T09:45:00Z,1778319900000,MED1,1100 ELLIOTT ST SE
police,05/09/2026 06:11,2026-05-09T10:11:00Z,1778321460000,MISC,0 MONROE CENTER ST NW
police,05/09/2026 06:18,2026-05-09T10:18:00Z,1778321880000,STOP,DELAWARE ST SE / UNION AVE SE
fire,05/09/2026 06:31,2026-05-09T10:31:00Z,1778322660000,MED1,700 CHESTNUT ST SW
police,05/09/2026 06:40,2026-05-09T10:40:00Z,1778323200000,BURGN,1600 S DIVISION AVE
police,05/09/2026 07:04,2026-05-09T11:04:00Z,1778324640000,FIGHT,LYON ST NE / N DIVISION AVE
police,05/09/2026 07:04,2026-05-09T11:04:00Z,1778324640000,STOP,S DIVISION AVE / BARTLETT ST SW
police,05/09/2026 07:20,2026-05-09T11:20:00Z,1778325600000,STOP,BUCHANAN AVE SW / TERMINAL ST SW
police,05/09/2026 07:23,2026-05-09T11:23:00Z,1778325780000,STOP,DIAMOND AVE NE / TRUXTON AVE NE
police,05/09/2026 07:32,2026-05-09T11:32:00Z,1778326320000,PDB,OTTAWA AVE NW / MICHIGAN ST NW
police,05/09/2026 07:41,2026-05-09T11:41:00Z,1778326860000,DISO,COURTNEY ST NW / POWERS AVE NW
police,05/09/2026 07:42,2026-05-09T11:42:00Z,1778326920000,DISO,600 BRIDGE ST NW
fire,05/09/2026 07:45,2026-05-09T11:45:00Z,1778327100000,MED1,2900 WOODGLEN ST NW
police,05/09/2026 07:49,2026-05-09T11:49:00Z,1778327340000,STOP,FOUNTAIN ST NE / N DIVISION AVE
police,05/09/2026 07:53,2026-05-09T11:53:00Z,1778327580000,ARSONINV,800 LEONARD ST NE
fire,05/09/2026 07:57,2026-05-09T11:57:00Z,1778327820000,MED1,1400 UNION AVE NE
police,05/09/2026 07:57,2026-05-09T11:57:00Z,1778327820000,MDOP,1300 CROSBY ST NW
police,05/09/2026 08:17,2026-05-09T12:17:00Z,1778329020000,STOP,1000 SHELDON AVE SE
fire,05/09/2026 08:18,2026-05-09T12:18:00Z,1778329080000,MED1,S DIVISION AVE / WEALTHY ST SW
police,05/09/2026 08:18,2026-05-09T12:18:00Z,1778329080000,UNKACC,S DIVISION AVE / WEALTHY ST SW(EO)
police,05/09/2026 08:23,2026-05-09T12:23:00Z,1778329380000,STOP,WEALTHY ST SE / S DIVISION AVE
fire,05/09/2026 08:24,2026-05-09T12:24:00Z,1778329440000,MED1,200 HALL ST SE
fire,05/09/2026 08:27,2026-05-09T12:27:00Z,1778329620000,MED1,1500 EAST BELTLINE AVE SE
police,05/09/2026 08:28,2026-05-09T12:28:00Z,1778329680000,STOP,DIAMOND AVE NE / LOCKRIDGE DR NE
fire,05/09/2026 08:30,2026-05-09T12:30:00Z,1778329800000,FIREALARM,400 DUDLEY PL NE
police,05/09/2026 08:41,2026-05-09T12:41:00Z,1778330460000,STOP,DIAMOND AVE NE / KENTWOOD ST NE
police,05/09/2026 08:42,2026-05-09T12:42:00Z,1778330520000,STOP,WESTON ST SE / SHELDON AVE SE
police,05/09/2026 08:43,2026-05-09T12:43:00Z,1778330580000,ASSIST,W FULTON ST / LOUIS ST NW
police,05/09/2026 08:44,2026-05-09T12:44:00Z,1778330640000,DISO,BRIDGE ST NW / SEWARD AVE NW
fire,05/09/2026 08:46,2026-05-09T12:46:00Z,1778330760000,INVEST,800 LEONARD ST NE
police,05/09/2026 08:48,2026-05-09T12:48:00Z,1778330880000,LARC,1300 EMERALD AVE NE
fire,05/09/2026 08:57,2026-05-09T12:57:00Z,1778331420000,MED1,1900 PALACE AVE SW
police,05/09/2026 08:58,2026-05-09T12:58:00Z,1778331480000,THREAT,2400 EASTERN AVE SE
police,05/09/2026 09:08,2026-05-09T13:08:00Z,1778332080000,STOP,GODWIN AVE SE / COTTAGE GROVE ST SE
fire,05/09/2026 09:11,2026-05-09T13:11:00Z,1778332260000,MED1,400 BURTON ST SW
police,05/09/2026 09:11,2026-05-09T13:11:00Z,1778332260000,DISO,WEALTHY ST SE / ETHEL AVE SE
police,05/09/2026 09:15,2026-05-09T13:15:00Z,1778332500000,CHILD,1000 BATES ST SE
police,05/09/2026 09:19,2026-05-09T13:19:00Z,1778332740000,ALARM,2800 29TH ST SE
police,05/09/2026 09:23,2026-05-09T13:23:00Z,1778332980000,DOM,0 LOGAN ST SW
police,05/09/2026 09:30,2026-05-09T13:30:00Z,1778333400000,SUICIDETH,S DIVISION AVE / GOODRICH ST SW
police,05/09/2026 09:31,2026-05-09T13:31:00Z,1778333460000,PD,SCRIBNER AVE NW / PEARL ST NW
police,05/09/2026 09:38,2026-05-09T13:38:00Z,1778333880000,WELFARE,1100 36TH ST SE
police,05/09/2026 09:47,2026-05-09T13:47:00Z,1778334420000,LARC,2200 APPLE AVE NW
fire,05/09/2026 09:50,2026-05-09T13:50:00Z,1778334600000,WIRE,900 FOUNTAIN ST NE
police,05/09/2026 09:50,2026-05-09T13:50:00Z,1778334600000,DOM,400 CEDAR ST NE
police,05/09/2026 10:07,2026-05-09T14:07:00Z,1778335620000,STOP,ALPINE AVE NW / LEONARD ST NW
fire,05/09/2026 10:18,2026-05-09T14:18:00Z,1778336280000,MED1,900 MYRTLE ST NW
police,05/09/2026 10:24,2026-05-09T14:24:00Z,1778336640000,STOP,BURTON ST SW / CLYDE PARK AVE SW
police,05/09/2026 10:25,2026-05-09T14:25:00Z,1778336700000,RECOVERY,1400 GARFIELD AVE NW
police,05/09/2026 10:26,2026-05-09T14:26:00Z,1778336760000,SUSPICIOUS,0 MARTIN LUTHER KING JR ST SW
police,05/09/2026 10:48,2026-05-09T14:48:00Z,1778338080000,ASSIST,100 LEONARD ST NW
police,05/09/2026 11:00,2026-05-09T15:00:00Z,1778338800000,STOP,ALGER ST SE / EVEREST AVE SE
police,05/09/2026 11:00,2026-05-09T15:00:00Z,1778338800000,STOP,CHERRY ST SW / US-131 FWY
police,05/09/2026 11:01,2026-05-09T15:01:00Z,1778338860000,WELFARE,US-131 SB TO WEALTHY RAMP
police,05/09/2026 11:10,2026-05-09T15:10:00Z,1778339400000,STOP,HALL ST SE / MADISON AVE SE
police,05/09/2026 11:10,2026-05-09T15:10:00Z,1778339400000,STOP,PROSPECT AVE SE / LOGAN ST SE
police,05/09/2026 11:14,2026-05-09T15:14:00Z,1778339640000,STOP,MADISON AVE SE / ROSEMARY ST SE
police,05/09/2026 11:16,2026-05-09T15:16:00Z,1778339760000,STOP,MICHIGAN ST NE / DIAMOND AVE NE
police,05/09/2026 11:22,2026-05-09T15:22:00Z,1778340120000,TRANSP,100 MICHIGAN ST NE
police,05/09/2026 11:22,2026-05-09T15:22:00Z,1778340120000,LOSTFOUND,2200 KALAMAZOO AVE SE
fire,05/09/2026 11:27,2026-05-09T15:27:00Z,1778340420000,MED1,3300 PLAINFIELD AVE NE
police,05/09/2026 11:31,2026-05-09T15:31:00Z,1778340660000,PEACE,2100 LEONARD ST NE
fire,05/09/2026 11:33,2026-05-09T15:33:00Z,1778340780000,MED1,1100 DUNHAM ST SE
police,05/09/2026 11:43,2026-05-09T15:43:00Z,1778341380000,ASLT,100 MICHIGAN ST NE
police,05/09/2026 11:44,2026-05-09T15:44:00Z,1778341440000,SUSPICIOUS,1800 BUCHANAN AVE SW
police,05/09/2026 11:45,2026-05-09T15:45:00Z,1778341500000,STOP,700 28TH ST SE
police,05/09/2026 11:49,2026-05-09T15:49:00Z,1778341740000,DISO,2200 APPLE AVE NW
police,05/09/2026 11:52,2026-05-09T15:52:00Z,1778341920000,PD,DUDLEY PL NE / MICHIGAN ST NE
police,05/09/2026 11:54,2026-05-09T15:54:00Z,1778342040000,TRES,800 S DIVISION AVE
fire,05/09/2026 12:00,2026-05-09T16:00:00Z,1778342400000,INVEST,1400 PERKINS AVE NE
police,05/09/2026 12:01,2026-05-09T16:01:00Z,1778342460000,FRWKS,3600 NEWCASTLE DR SE
police,05/09/2026 12:05,2026-05-09T16:05:00Z,1778342700000,SUICIDETH,600 7TH ST NW
fire,05/09/2026 12:11,2026-05-09T16:11:00Z,1778343060000,MED2,100 SHELDON AVE SE
police,05/09/2026 12:11,2026-05-09T16:11:00Z,1778343060000,DOM,900 10TH ST NW
police,05/09/2026 12:16,2026-05-09T16:16:00Z,1778343360000,DISO,400 BEACON ST SW
police,05/09/2026 12:18,2026-05-09T16:18:00Z,1778343480000,TRES,100 SHELDON AVE SE
police,05/09/2026 12:24,2026-05-09T16:24:00Z,1778343840000,BROADCAST,1300 MCREYNOLDS AVE NW
police,05/09/2026 12:28,2026-05-09T16:28:00Z,1778344080000,THREAT,2300 PLYMOUTH AVE SE
fire,05/09/2026 12:38,2026-05-09T16:38:00Z,1778344680000,CARBON,200 HAMPTON AVE SE
police,05/09/2026 12:49,2026-05-09T16:49:00Z,1778345340000,DISO,600 HENRY AVE SE
police,05/09/2026 12:50,2026-05-09T16:50:00Z,1778345400000,PEACE,1800 BUCHANAN AVE SW
fire,05/09/2026 12:58,2026-05-09T16:58:00Z,1778345880000,MED2,1500 EAST BELTLINE AVE SE
police,05/09/2026 13:01,2026-05-09T17:01:00Z,1778346060000,PDB,US-131 NB NO I-196
fire,05/09/2026 13:08,2026-05-09T17:08:00Z,1778346480000,MED2,100 SHELDON AVE SE
police,05/09/2026 13:10,2026-05-09T17:10:00Z,1778346600000,ASSIST,LAFAYETTE AVE SE / MARTIN LUTHER KING JR ST SE
police,05/09/2026 13:16,2026-05-09T17:16:00Z,1778346960000,DISO,1000 MICHIGAN ST NE
police,05/09/2026 13:31,2026-05-09T17:31:00Z,1778347860000,STOP,2500 S DIVISION AVE
police,05/09/2026 13:31,2026-05-09T17:31:00Z,1778347860000,STOP,STOCKING AVE NW / 3RD ST NW
fire,05/09/2026 13:37,2026-05-09T17:37:00Z,1778348220000,MED1,1800 BALL AVE NE
police,05/09/2026 13:41,2026-05-09T17:41:00Z,1778348460000,STOP,DIAMOND AVE NE / WASHTENAW DR NE
police,05/09/2026 13:47,2026-05-09T17:47:00Z,1778348820000,STOP,WEALTHY ST SE / LA GRAVE AVE SE
fire,05/09/2026 13:55,2026-05-09T17:55:00Z,1778349300000,MED2,200 COMMERCE AVE SW
police,05/09/2026 14:04,2026-05-09T18:04:00Z,1778349840000,DOM,100 LAFAYETTE AVE NE
fire,05/09/2026 14:09,2026-05-09T18:09:00Z,1778350140000,MED1,800 JENNETTE AVE NW
police,05/09/2026 14:14,2026-05-09T18:14:00Z,1778350440000,ALARM,800 FULLER AVE NE
police,05/09/2026 14:22,2026-05-09T18:22:00Z,1778350920000,NOISE,2100 BLAINE AVE SE
police,05/09/2026 14:24,2026-05-09T18:24:00Z,1778351040000,TRES,1300 COLLEGE AVE NE
fire,05/09/2026 14:30,2026-05-09T18:30:00Z,1778351400000,MED0,700 LAFAYETTE AVE SE
police,05/09/2026 14:30,2026-05-09T18:30:00Z,1778351400000,ASSIST,700 LAFAYETTE AVE SE
fire,05/09/2026 14:46,2026-05-09T18:46:00Z,1778352360000,MED1,3200 PLAZA DR NE
police,05/09/2026 14:46,2026-05-09T18:46:00Z,1778352360000,WELFARE,2500 NORMANDY DR SE
fire,05/09/2026 14:48,2026-05-09T18:48:00Z,1778352480000,MED2,WEALTHY ST SW / S DIVISION AVE
fire,05/09/2026 14:49,2026-05-09T18:49:00Z,1778352540000,MED2,200 LOUIS ST NW
police,05/09/2026 14:49,2026-05-09T18:49:00Z,1778352540000,PARKING,100 NATIONAL AVE SW
fire,05/09/2026 14:52,2026-05-09T18:52:00Z,1778352720000,MED2,800 W FULTON ST
police,05/09/2026 14:54,2026-05-09T18:54:00Z,1778352840000,STOP,BATES ST SE / EASTERN AVE SE
police,05/09/2026 14:58,2026-05-09T18:58:00Z,1778353080000,STOP,JEFFERSON AVE SE / PLEASANT ST SE
police,05/09/2026 14:59,2026-05-09T18:59:00Z,1778353140000,DOMA,200 JEFFERSON AVE SE
police,05/09/2026 15:00,2026-05-09T19:00:00Z,1778353200000,ASLT,200 COMMERCE AVE SW
police,05/09/2026 15:06,2026-05-09T19:06:00Z,1778353560000,MDOP,900 TEMPLE ST SE
police,05/09/2026 15:11,2026-05-09T19:11:00Z,1778353860000,STOP,12TH ST NW / PINE AVE NW
police,05/09/2026 15:14,2026-05-09T19:14:00Z,1778354040000,TRANSP,100 100TH ST SW
police,05/09/2026 15:22,2026-05-09T19:22:00Z,1778354520000,PD,WEALTHY ST SW / S DIVISION AVE
police,05/09/2026 15:25,2026-05-09T19:25:00Z,1778354700000,TRES,400 SEWARD AVE NW
fire,05/09/2026 15:47,2026-05-09T19:47:00Z,1778356020000,MED2,ANN ST BRIDGE
police,05/09/2026 15:50,2026-05-09T19:50:00Z,1778356200000,RECKLESS,500 CLOVER RIDGE CIR NW
police,05/09/2026 15:58,2026-05-09T19:58:00Z,1778356680000,WELFARE,0 WESTON ST SW
police,05/09/2026 16:03,2026-05-09T20:03:00Z,1778356980000,FRAUD,1500 MUSKEGON AVE NW
police,05/09/2026 16:04,2026-05-09T20:04:00Z,1778357040000,LOSTFOUND,6TH ST BRIDGE
police,05/09/2026 16:06,2026-05-09T20:06:00Z,1778357160000,PEACE,700 WORDEN ST SE
police,05/09/2026 16:17,2026-05-09T20:17:00Z,1778357820000,DISO,BURTON ST SE / EASTERN AVE SE
fire,05/09/2026 16:18,2026-05-09T20:18:00Z,1778357880000,MED2,28TH ST SE / EASTERN AVE SE
police,05/09/2026 16:18,2026-05-09T20:18:00Z,1778357880000,UNKACC,28TH ST SE / EASTERN AVE SE
fire,05/09/2026 16:22,2026-05-09T20:22:00Z,1778358120000,MED1,1000 EDISON AVE NW
police,05/09/2026 16:23,2026-05-09T20:23:00Z,1778358180000,ALARM,1500 WEALTHY ST SE
fire,05/09/2026 16:26,2026-05-09T20:26:00Z,1778358360000,MED1,700 LEONARD ST NW
police,05/09/2026 16:28,2026-05-09T20:28:00Z,1778358480000,DOM,0 DELAWARE ST SW
fire,05/09/2026 16:33,2026-05-09T20:33:00Z,1778358780000,MED2,US-131 SB NO BURTON
police,05/09/2026 16:33,2026-05-09T20:33:00Z,1778358780000,UNKACC,US-131 SB NO BURTON
fire,05/09/2026 16:35,2026-05-09T20:35:00Z,1778358900000,MED1,500 S DIVISION AVE
fire,05/09/2026 16:36,2026-05-09T20:36:00Z,1778358960000,MED1,600 STOCKING AVE NW
police,05/09/2026 16:41,2026-05-09T20:41:00Z,1778359260000,DISO,1200 PLAINFIELD AVE NE
police,05/09/2026 16:45,2026-05-09T20:45:00Z,1778359500000,TRES,700 28TH ST SE
fire,05/09/2026 16:56,2026-05-09T20:56:00Z,1778360160000,FIREALARM,300 COMMERCE AVE SW
fire,05/09/2026 17:00,2026-05-09T21:00:00Z,1778360400000,MED2,28TH ST SE / EASTERN AVE SE
police,05/09/2026 17:02,2026-05-09T21:02:00Z,1778360520000,ASLT,300 COMMERCE AVE SW
police,05/09/2026 17:15,2026-05-09T21:15:00Z,1778361300000,ASLT,1500 COLLEGE AVE NE
police,05/09/2026 17:18,2026-05-09T21:18:00Z,1778361480000,CHILD,32ND ST SE / KALAMAZOO AVE SE
police,05/09/2026 17:22,2026-05-09T21:22:00Z,1778361720000,DOM,900 WORDEN ST SE
fire,05/09/2026 17:31,2026-05-09T21:31:00Z,1778362260000,MED1,800 BURTON ST SE
fire,05/09/2026 17:50,2026-05-09T21:50:00Z,1778363400000,INVEST,500 COIT AVE NE
police,05/09/2026 17:52,2026-05-09T21:52:00Z,1778363520000,SUSPICIOUS,600 LAKE MICHIGAN DR NW
police,05/09/2026 17:59,2026-05-09T21:59:00Z,1778363940000,NOISE,700 PARIS AVE SE
police,05/09/2026 18:00,2026-05-09T22:00:00Z,1778364000000,STOP,600 BRIDGE ST NW
fire,05/09/2026 18:01,2026-05-09T22:01:00Z,1778364060000,MED1,200 COMMERCE AVE SW
fire,05/09/2026 18:04,2026-05-09T22:04:00Z,1778364240000,MED1,800 JENNETTE AVE NW
police,05/09/2026 18:05,2026-05-09T22:05:00Z,1778364300000,DISO,2000 MADISON AVE SE
police,05/09/2026 18:05,2026-05-09T22:05:00Z,1778364300000,ARSONINV,300 COMMERCE AVE SW
police,05/09/2026 18:19,2026-05-09T22:19:00Z,1778365140000,DOMA,3900 WHISPERING WAY DR SE
police,05/09/2026 18:41,2026-05-09T22:41:00Z,1778366460000,DISO,CLANCY AVE NE / MATILDA ST NE
police,05/09/2026 18:49,2026-05-09T22:49:00Z,1778366940000,WARRANTA,300 GUNNISON AVE SW
fire,05/09/2026 18:50,2026-05-09T22:50:00Z,1778367000000,MED2,200 COMMERCE AVE SW
fire,05/09/2026 18:50,2026-05-09T22:50:00Z,1778367000000,MED1,EASTERN AVE SE / HALL ST SE
police,05/09/2026 18:50,2026-05-09T22:50:00Z,1778367000000,PI,EASTERN AVE SE / HALL ST SE
police,05/09/2026 18:56,2026-05-09T22:56:00Z,1778367360000,SUICIDEAT,2700 BIRCHCREST DR SE
fire,05/09/2026 18:58,2026-05-09T22:58:00Z,1778367480000,MED2,2700 BIRCHCREST DR SE
fire,05/09/2026 18:58,2026-05-09T22:58:00Z,1778367480000,MED2,300 PALMER ST NE
fire,05/09/2026 18:58,2026-05-09T22:58:00Z,1778367480000,MED1,LEONARD UNDER US-131
police,05/09/2026 19:00,2026-05-09T23:00:00Z,1778367600000,ASLT,100 CAMPAU AVE NW
police,05/09/2026 19:00,2026-05-09T23:00:00Z,1778367600000,ASSIST,300 PALMER ST NE
police,05/09/2026 19:00,2026-05-09T23:00:00Z,1778367600000,DOAU,300 PALMER ST NE
police,05/09/2026 19:05,2026-05-09T23:05:00Z,1778367900000,DOMA,2900 MARSHALL AVE SE
police,05/09/2026 19:11,2026-05-09T23:11:00Z,1778368260000,WELFARE,800 BRIDGE ST NW
fire,05/09/2026 19:12,2026-05-09T23:12:00Z,1778368320000,MED1,100 SHELDON AVE SE
police,05/09/2026 19:12,2026-05-09T23:12:00Z,1778368320000,NOISE,900 OAKDALE ST SE
police,05/09/2026 19:15,2026-05-09T23:15:00Z,1778368500000,PARKING,400 NEY AVE SW
police,05/09/2026 19:29,2026-05-09T23:29:00Z,1778369340000,WELFARE,600 BRIDGE ST NW
police,05/09/2026 19:32,2026-05-09T23:32:00Z,1778369520000,DOM,1000 LOGAN ST SE
police,05/09/2026 19:33,2026-05-09T23:33:00Z,1778369580000,DOM,0 CHERRY ST SW
fire,05/09/2026 19:39,2026-05-09T23:39:00Z,1778369940000,MED1,3400 SENORA AVE SE
police,05/09/2026 19:41,2026-05-09T23:41:00Z,1778370060000,STOP,600 FRONT AVE NW
fire,05/09/2026 19:42,2026-05-09T23:42:00Z,1778370120000,MED1,300 BURTON ST SE
police,05/09/2026 19:43,2026-05-09T23:43:00Z,1778370180000,DISO,900 11TH ST NW
police,05/09/2026 19:46,2026-05-09T23:46:00Z,1778370360000,STOP,PLAINFIELD AVE NE / CARRIER ST NE(SO)
fire,05/09/2026 19:49,2026-05-09T23:49:00Z,1778370540000,MED1,I-196 WB WO PLYMOUTH
police,05/09/2026 19:49,2026-05-09T23:49:00Z,1778370540000,UNKACC,I-196 WB WO PLYMOUTH
fire,05/09/2026 19:54,2026-05-09T23:54:00Z,1778370840000,MED2,1600 MARTIN LUTHER KING JR ST SE
police,05/09/2026 19:56,2026-05-09T23:56:00Z,1778370960000,DOM,0 MONROE CENTER ST NW
fire,05/09/2026 20:03,2026-05-10T00:03:00Z,1778371380000,MED1,1500 MAYFIELD AVE NE
fire,05/09/2026 20:12,2026-05-10T00:12:00Z,1778371920000,MED2,US-131 SB SO HALL
police,05/09/2026 20:15,2026-05-10T00:15:00Z,1778372100000,STOP,LEONARD ST NW / TURNER AVE NW
fire,05/09/2026 20:17,2026-05-10T00:17:00Z,1778372220000,HAZMAT,1500 S  SAXONY  DR SE
police,05/09/2026 20:17,2026-05-10T00:17:00Z,1778372220000,ALARM,1200 WEALTHY ST SE
police,05/09/2026 20:19,2026-05-10T00:19:00Z,1778372340000,DOMA,800 THOMAS ST SE
fire,05/09/2026 20:21,2026-05-10T00:21:00Z,1778372460000,MED1,800 THOMAS ST SE
police,05/09/2026 20:26,2026-05-10T00:26:00Z,1778372760000,WELFARE,600 THOMPSON CT SE
police,05/09/2026 20:28,2026-05-10T00:28:00Z,1778372880000,STOP,100 LEONARD ST NE
police,05/09/2026 20:34,2026-05-10T00:34:00Z,1778373240000,SUSPICIOUS,400 IONIA AVE SW
police,05/09/2026 20:34,2026-05-10T00:34:00Z,1778373240000,STOP,PROSPECT AVE NE / MATILDA ST NE
fire,05/09/2026 20:35,2026-05-10T00:35:00Z,1778373300000,MED1,1000 MARKET AVE SW
fire,05/09/2026 20:36,2026-05-10T00:36:00Z,1778373360000,MED2,4000 WHISPERING WAY SE
police,05/09/2026 20:36,2026-05-10T00:36:00Z,1778373360000,STOP,STRAIGHT AVE NW / CHATHAM ST NW
police,05/09/2026 20:40,2026-05-10T00:40:00Z,1778373600000,911U,300 IONIA AVE SW
police,05/09/2026 20:45,2026-05-10T00:45:00Z,1778373900000,STOP,TAMARACK AVE NW / ARIANNA ST NW
police,05/09/2026 20:47,2026-05-10T00:47:00Z,1778374020000,DISO,200 COMMERCE AVE SW
police,05/09/2026 20:50,2026-05-10T00:50:00Z,1778374200000,ASSIST,FULTON ST BRIDGE
police,05/09/2026 20:51,2026-05-10T00:51:00Z,1778374260000,FIGHT,800 WATSON ST SW
police,05/09/2026 20:53,2026-05-10T00:53:00Z,1778374380000,SUICIDETH,4000 WHISPERING WAY SE
fire,05/09/2026 20:57,2026-05-10T00:57:00Z,1778374620000,MED3,100 CESAR E CHAVEZ AVE SW
fire,05/09/2026 20:57,2026-05-10T00:57:00Z,1778374620000,MED1,800 VETO ST NW
police,05/09/2026 21:06,2026-05-10T01:06:00Z,1778375160000,PARKING,2100 FRANCIS AVE SE
police,05/09/2026 21:09,2026-05-10T01:09:00Z,1778375340000,STOP,100 MONROE CENTER ST NW
fire,05/09/2026 21:10,2026-05-10T01:10:00Z,1778375400000,MED2,2000 32ND ST SE
police,05/09/2026 21:13,2026-05-10T01:13:00Z,1778375580000,FIGHT,1500 28TH ST SE
fire,05/09/2026 21:22,2026-05-10T01:22:00Z,1778376120000,WIRE,COLLEGE AVE NE / MORE ST NE
police,05/09/2026 21:22,2026-05-10T01:22:00Z,1778376120000,WELFARE,MORE ST NE / COLLEGE AVE NE
police,05/09/2026 21:26,2026-05-10T01:26:00Z,1778376360000,NOISE,900 TEMPLE ST SE
police,05/09/2026 21:29,2026-05-10T01:29:00Z,1778376540000,DOMA,500 WOODLAWN ST SE
fire,05/09/2026 21:37,2026-05-10T01:37:00Z,1778377020000,INVEST,1100 BROADWAY AVE NW
police,05/09/2026 21:37,2026-05-10T01:37:00Z,1778377020000,SUSPICIOUS,0 COLLEGE AVE SE
police,05/09/2026 21:38,2026-05-10T01:38:00Z,1778377080000,PD,MICHIGAN ST NE / EASTERN AVE NE
fire,05/09/2026 21:41,2026-05-10T01:41:00Z,1778377260000,MED1,900 LAFAYETTE AVE NE
police,05/09/2026 21:41,2026-05-10T01:41:00Z,1778377260000,SUICIDETH,0 MONROE CENTER ST NW
police,05/09/2026 21:49,2026-05-10T01:49:00Z,1778377740000,DOM,700 MCKENDRICK ST SW
police,05/09/2026 21:57,2026-05-10T01:57:00Z,1778378220000,DOM,400 HALL ST SE
police,05/09/2026 22:12,2026-05-10T02:12:00Z,1778379120000,WELFARE,200 LEXINGTON AVE NW
police,05/09/2026 22:18,2026-05-10T02:18:00Z,1778379480000,ROBAP,300 CESAR E CHAVEZ AVE SW
police,05/09/2026 22:24,2026-05-10T02:24:00Z,1778379840000,FRWKS,2500 KALAMAZOO AVE SE
police,05/09/2026 22:37,2026-05-10T02:37:00Z,1778380620000,DOM,600 BATES ST SE
police,05/09/2026 22:42,2026-05-10T02:42:00Z,1778380920000,DISO,KALAMAZOO AVE SE / HALL ST SE
fire,05/09/2026 22:48,2026-05-10T02:48:00Z,1778381280000,FIREALARM,1400 BRIDGE ST NW
police,05/09/2026 22:50,2026-05-10T02:50:00Z,1778381400000,PI,US-131 SB TO BURTON WB RAMP
police,05/09/2026 22:51,2026-05-10T02:51:00Z,1778381460000,DOM,100 CESAR E CHAVEZ AVE SW
fire,05/09/2026 22:53,2026-05-10T02:53:00Z,1778381580000,MED2,2800 LAKE MICHIGAN DR NW
police,05/09/2026 22:53,2026-05-10T02:53:00Z,1778381580000,NOISE,4100 CHAMBERLAIN AVE SE
fire,05/09/2026 22:54,2026-05-10T02:54:00Z,1778381640000,MED2,US-131 SB TO BURTON WB RAMP
police,05/09/2026 23:03,2026-05-10T03:03:00Z,1778382180000,ASLT,1900 BENJAMIN AVE NE
fire,05/09/2026 23:04,2026-05-10T03:04:00Z,1778382240000,FIREALARM,1300 MADISON AVE SE
police,05/09/2026 23:04,2026-05-10T03:04:00Z,1778382240000,TRES,600 BRIDGE ST NW
police,05/09/2026 23:05,2026-05-10T03:05:00Z,1778382300000,DOM,1100 STONEBROOK CT NE
police,05/09/2026 23:06,2026-05-10T03:06:00Z,1778382360000,NOISE,200 HENRY AVE SE
police,05/09/2026 23:07,2026-05-10T03:07:00Z,1778382420000,STOP,100 MONROE CENTER ST NW
fire,05/09/2026 23:10,2026-05-10T03:10:00Z,1778382600000,MED2,US-131 SB SO HALL
police,05/09/2026 23:10,2026-05-10T03:10:00Z,1778382600000,UNKACC,US-131 SB SO HALL
police,05/09/2026 23:16,2026-05-10T03:16:00Z,1778382960000,WELFARE,1900 OAKLEIGH WOODS DR NW
police,05/09/2026 23:16,2026-05-10T03:16:00Z,1778382960000,PD,HALL ST SW / BUCHANAN AVE SW
fire,05/09/2026 23:25,2026-05-10T03:25:00Z,1778383500000,MED1,1900 RADCLIFF AVE SE
fire,05/09/2026 23:27,2026-05-10T03:27:00Z,1778383620000,MED1,2400 28TH ST SE
fire,05/09/2026 23:29,2026-05-10T03:29:00Z,1778383740000,MED1,300 RICHARDS AVE SW
police,05/09/2026 23:33,2026-05-10T03:33:00Z,1778383980000,ASSIST,500 STOCKING AVE NW
police,05/09/2026 23:33,2026-05-10T03:33:00Z,1778383980000,911H,800 FREMONT AVE NW
police,05/09/2026 23:34,2026-05-10T03:34:00Z,1778384040000,STOLENV,700 STOCKING AVE NW
police,05/09/2026 23:37,2026-05-10T03:37:00Z,1778384220000,SUSPICIOUS,1100 UNDERHILL AVE SW
police,05/09/2026 23:38,2026-05-10T03:38:00Z,1778384280000,SUSPICIOUS,500 CURTIS ST NE
police,05/09/2026 23:39,2026-05-10T03:39:00Z,1778384340000,STOP,S DIVISION AVE / BANNER ST SW
fire,05/09/2026 23:41,2026-05-10T03:41:00Z,1778384460000,MED2,0 OTTAWA AVE SW
police,05/09/2026 23:43,2026-05-10T03:43:00Z,1778384580000,SUSPICIOUS,100 BANNER ST SW
police,05/09/2026 23:46,2026-05-10T03:46:00Z,1778384760000,MISSING,1000 SHERIDAN AVE SW
police,05/09/2026 23:48,2026-05-10T03:48:00Z,1778384880000,ASSIST,0 OTTAWA AVE SW
police,05/09/2026 23:54,2026-05-10T03:54:00Z,1778385240000,LARC,100 IONIA AVE SW
police,05/09/2026 23:56,2026-05-10T03:56:00Z,1778385360000,DOM,1400 COLLEGE AVE NE
police,05/09/2026 23:59,2026-05-10T03:59:00Z,1778385540000,DOM,1100 BENJAMIN AVE SE
fire,05/10/2026 00:00,2026-05-10T04:00:00Z,1778385600000,MED2,1400 COLLEGE AVE NE
police,05/10/2026 00:00,2026-05-10T04:00:00Z,1778385600000,DOM,600 EASTERN AVE SE
police,05/10/2026 00:09,2026-05-10T04:09:00Z,1778386140000,MISC,1900 S DIVISION AVE
police,05/10/2026 00:10,2026-05-10T04:10:00Z,1778386200000,SUSPICIOUS,100 OTTAWA AVE NW-RAMP
police,05/10/2026 00:14,2026-05-10T04:14:00Z,1778386440000,WELFARE,100 BURTON ST SE
police,05/10/2026 00:19,2026-05-10T04:19:00Z,1778386740000,ASLT,700 MICHIGAN ST NE
fire,05/10/2026 00:21,2026-05-10T04:21:00Z,1778386860000,MED2,700 MICHIGAN ST NE
police,05/10/2026 00:32,2026-05-10T04:32:00Z,1778387520000,911U,1100 MADISON AVE SE
police,05/10/2026 00:33,2026-05-10T04:33:00Z,1778387580000,FIGHT,JEFFERSON AVE SE / POWELL ST SE
police,05/10/2026 00:40,2026-05-10T04:40:00Z,1778388000000,ASSIST,400 IONIA AVE SW
police,05/10/2026 00:41,2026-05-10T04:41:00Z,1778388060000,DOM,1000 FRONT AVE NW
police,05/10/2026 00:41,2026-05-10T04:41:00Z,1778388060000,STOP,FERNANDO ST NE / NORTH AVE NE
police,05/10/2026 00:42,2026-05-10T04:42:00Z,1778388120000,DOMA,2200 UNION AVE SE
police,05/10/2026 00:45,2026-05-10T04:45:00Z,1778388300000,DISO,500 MAYNARD AVE NW
police,05/10/2026 00:45,2026-05-10T04:45:00Z,1778388300000,NOISE,500 MAYNARD AVE NW
police,05/10/2026 00:52,2026-05-10T04:52:00Z,1778388720000,911U,1200 3RD ST NW
police,05/10/2026 00:53,2026-05-10T04:53:00Z,1778388780000,911U,1200 MICHIGAN ST NE
police,05/10/2026 01:08,2026-05-10T05:08:00Z,1778389680000,MDOP,400 GLENWOOD AVE SE
police,05/10/2026 01:24,2026-05-10T05:24:00Z,1778390640000,SUSPICIOUS,1500 HERRICK AVE NE
police,05/10/2026 01:24,2026-05-10T05:24:00Z,1778390640000,DISO,3500 28TH ST SE
police,05/10/2026 01:25,2026-05-10T05:25:00Z,1778390700000,THREAT,0 OTTAWA AVE SW
police,05/10/2026 01:25,2026-05-10T05:25:00Z,1778390700000,DISO,800 S DIVISION AVE
fire,05/10/2026 01:28,2026-05-10T05:28:00Z,1778390880000,MED1,100 S DIVISION AVE
fire,05/10/2026 01:37,2026-05-10T05:37:00Z,1778391420000,MED2,2100 S DIVISION AVE
police,05/10/2026 01:38,2026-05-10T05:38:00Z,1778391480000,PI,2100 S DIVISION AVE
fire,05/10/2026 01:43,2026-05-10T05:43:00Z,1778391780000,FIREOTHER,100 MONROE CENTER ST NW
fire,05/10/2026 01:45,2026-05-10T05:45:00Z,1778391900000,MED2,0 WESTON ST SW-RAMP
police,05/10/2026 01:49,2026-05-10T05:49:00Z,1778392140000,ASSIST,0 WESTON ST SW-RAMP
police,05/10/2026 01:51,2026-05-10T05:51:00Z,1778392260000,DOM,700 MADISON AVE SE
fire,05/10/2026 02:03,2026-05-10T06:03:00Z,1778392980000,MED1,3000 ENGLEWOOD AVE SE
police,05/10/2026 02:08,2026-05-10T06:08:00Z,1778393280000,LARC,1600 HERRICK AVE NE
police,05/10/2026 02:11,2026-05-10T06:11:00Z,1778393460000,SUSPICIOUS,200 WEALTHY ST SW
police,05/10/2026 02:19,2026-05-10T06:19:00Z,1778393940000,PD,S DIVISION AVE / GRIGGS ST SW
police,05/10/2026 02:22,2026-05-10T06:22:00Z,1778394120000,WELFARE,1500 JENNETTE AVE NW
fire,05/10/2026 02:24,2026-05-10T06:24:00Z,1778394240000,MED1,1100 HOVEY ST SW
police,05/10/2026 02:26,2026-05-10T06:26:00Z,1778394360000,BROADCAST,1100 HOVEY ST SW
police,05/10/2026 02:30,2026-05-10T06:30:00Z,1778394600000,PD,S DIVISION AVE / GRIGGS ST SW
police,05/10/2026 02:36,2026-05-10T06:36:00Z,1778394960000,SUSPICIOUS,4300 KALAMAZOO AVE SE
police,05/10/2026 02:46,2026-05-10T06:46:00Z,1778395560000,STOP,S DIVISION AVE / STEVENS ST SW
police,05/10/2026 02:53,2026-05-10T06:53:00Z,1778395980000,ALARM,100 COTTAGE GROVE ST SW
fire,05/10/2026 02:55,2026-05-10T06:55:00Z,1778396100000,MED2,3300 EASTERN AVE SE
police,05/10/2026 03:01,2026-05-10T07:01:00Z,1778396460000,STOP,PEARL TO US-131 SB RAMP
police,05/10/2026 03:11,2026-05-10T07:11:00Z,1778397060000,STOP,DELAWARE ST SW / S DIVISION AVE
police,05/10/2026 03:12,2026-05-10T07:12:00Z,1778397120000,STOP,600 FRONT AVE NW
police,05/10/2026 03:17,2026-05-10T07:17:00Z,1778397420000,NOISE,1000 COLLEGE AVE NE
police,05/10/2026 03:24,2026-05-10T07:24:00Z,1778397840000,DOMA,4100 OAK PARK DR SE
police,05/10/2026 03:42,2026-05-10T07:42:00Z,1778398920000,STOP,CHERRY ST SE / UNION AVE SE
police,05/10/2026 03:46,2026-05-10T07:46:00Z,1778399160000,WELFARE,700 THOMAS ST SE
police,05/10/2026 03:48,2026-05-10T07:48:00Z,1778399280000,SUSPICIOUS,1300 ADAMS ST SE
police,05/10/2026 03:48,2026-05-10T07:48:00Z,1778399280000,STOP,PLAINFIELD AVE NE / GROVE ST NE
police,05/10/2026 03:54,2026-05-10T07:54:00Z,1778399640000,STOP,LEONARD ST NW / MONROE AVE NW
police,05/10/2026 04:00,2026-05-10T08:00:00Z,1778400000000,ALARM,400 BRIDGE ST NW
fire,05/10/2026 04:01,2026-05-10T08:01:00Z,1778400060000,MED1,1300 ADAMS ST SE
police,05/10/2026 04:03,2026-05-10T08:03:00Z,1778400180000,DOMA,1200 COURTNEY ST NW
police,05/10/2026 04:23,2026-05-10T08:23:00Z,1778401380000,STOP,CARRIER ST NE / NORTH AVE NE
police,05/10/2026 04:31,2026-05-10T08:31:00Z,1778401860000,SUSPICIOUS,900 LAKE DR SE
police,05/10/2026 04:34,2026-05-10T08:34:00Z,1778402040000,WELFARE,700 S DIVISION AVE
fire,05/10/2026 04:42,2026-05-10T08:42:00Z,1778402520000,MED1,1800 HORTON AVE SE
police,05/10/2026 04:42,2026-05-10T08:42:00Z,1778402520000,DOM,700 TULIP ST SW
police,05/10/2026 04:44,2026-05-10T08:44:00Z,1778402640000,FIGHT,700 ARDMORE ST SE
police,05/10/2026 05:01,2026-05-10T09:01:00Z,1778403660000,STOP,HALL ST SW / BUCHANAN AVE SW
fire,05/10/2026 05:05,2026-05-10T09:05:00Z,1778403900000,MED1,1200 MICHIGAN ST NE
police,05/10/2026 05:08,2026-05-10T09:08:00Z,1778404080000,DOM,300 ANN ST NW
police,05/10/2026 05:15,2026-05-10T09:15:00Z,1778404500000,ASLT,1000 QUARRY AVE NW
police,05/10/2026 05:16,2026-05-10T09:16:00Z,1778404560000,ASLT,200 S DIVISION AVE
fire,05/10/2026 06:06,2026-05-10T10:06:00Z,1778407560000,MED2,400 S DIVISION AVE
fire,05/10/2026 06:07,2026-05-10T10:07:00Z,1778407620000,MED1,1900 MONROE AVE NW
police,05/10/2026 06:09,2026-05-10T10:09:00Z,1778407740000,ASSIST,1900 MONROE AVE NW
police,05/10/2026 06:15,2026-05-10T10:15:00Z,1778408100000,DISO,2200 NELSON AVE SE
police,05/10/2026 06:22,2026-05-10T10:22:00Z,1778408520000,ALARM,3000 EASTERN AVE SE
police,05/10/2026 06:36,2026-05-10T10:36:00Z,1778409360000,STOP,3000 EASTERN AVE SE
police,05/10/2026 06:41,2026-05-10T10:41:00Z,1778409660000,STOP,BRIDGE ST NW / LANE AVE NW
police,05/10/2026 07:15,2026-05-10T11:15:00Z,1778411700000,MDOP,8TH ST NW / TURNER AVE NW
police,05/10/2026 07:23,2026-05-10T11:23:00Z,1778412180000,ASSIST,300 JEFFERSON AVE SE
fire,05/10/2026 07:25,2026-05-10T11:25:00Z,1778412300000,MED1,1800 EASTERN AVE SE
police,05/10/2026 07:42,2026-05-10T11:42:00Z,1778413320000,BARK,500 MYRTLE ST NW
fire,05/10/2026 07:49,2026-05-10T11:49:00Z,1778413740000,CARBON,1400 DEWBERRY CT NE
police,05/10/2026 07:56,2026-05-10T11:56:00Z,1778414160000,TRANSP,100 MICHIGAN ST NE
police,05/10/2026 08:06,2026-05-10T12:06:00Z,1778414760000,SUSPICIOUS,0 INDIANA AVE SW
police,05/10/2026 08:15,2026-05-10T12:15:00Z,1778415300000,STOP,HIGHLAND ST SE / S DIVISION AVE
police,05/10/2026 08:35,2026-05-10T12:35:00Z,1778416500000,STOP,S DIVISION AVE / MARTIN LUTHER KING JR ST SW
fire,05/10/2026 08:44,2026-05-10T12:44:00Z,1778417040000,FIREALARM,100 MICHIGAN ST NE
fire,05/10/2026 08:48,2026-05-10T12:48:00Z,1778417280000,MED1,600 S DIVISION AVE
fire,05/10/2026 08:49,2026-05-10T12:49:00Z,1778417340000,WIRE,CARLTON AVE NE / CEDAR ST NE
police,05/10/2026 08:49,2026-05-10T12:49:00Z,1778417340000,ASLT,400 STOCKING AVE NW
police,05/10/2026 08:59,2026-05-10T12:59:00Z,1778417940000,TRES,200 JEFFERSON AVE SE
police,05/10/2026 08:59,2026-05-10T12:59:00Z,1778417940000,STOP,WESTON ST SE / SHELDON AVE SE
police,05/10/2026 09:17,2026-05-10T13:17:00Z,1778419020000,CHILD,1800 JEFFERSON AVE SE
police,05/10/2026 09:32,2026-05-10T13:32:00Z,1778419920000,STOP,0 VALLEY AVE NW
fire,05/10/2026 09:37,2026-05-10T13:37:00Z,1778420220000,FIRESTRUC,2900 MARSHALL AVE SE
police,05/10/2026 09:51,2026-05-10T13:51:00Z,1778421060000,STOP,DIAMOND AVE NE / CARRIER CREEK BLVD NE
police,05/10/2026 09:55,2026-05-10T13:55:00Z,1778421300000,STOP,DALLAS AVE SE / MARTIN LUTHER KING JR ST SE
police,05/10/2026 09:58,2026-05-10T13:58:00Z,1778421480000,DISO,BROADWAY AVE NW / RICHMOND ST NW
police,05/10/2026 09:59,2026-05-10T13:59:00Z,1778421540000,STOP,DALLAS AVE SE / MARTIN LUTHER KING JR ST SE
police,05/10/2026 10:31,2026-05-10T14:31:00Z,1778423460000,PDHR,900 DOUGLAS ST NW
police,05/10/2026 10:37,2026-05-10T14:37:00Z,1778423820000,RECOVERY,1100 PINE AVE NW
police,05/10/2026 10:40,2026-05-10T14:40:00Z,1778424000000,DOM,800 THOMAS ST SE
police,05/10/2026 10:43,2026-05-10T14:43:00Z,1778424180000,SUICIDETH,800 DORCHESTER AVE SW
police,05/10/2026 11:00,2026-05-10T15:00:00Z,1778425200000,TRES,400 LEONARD ST NE
police,05/10/2026 11:02,2026-05-10T15:02:00Z,1778425320000,SUSPICIOUS,700 EAST BELTLINE AVE NE
fire,05/10/2026 11:13,2026-05-10T15:13:00Z,1778425980000,MED2,900 PERKINS AVE NE
police,05/10/2026 11:16,2026-05-10T15:16:00Z,1778426160000,PARKING,2100 FRANCIS AVE SE
police,05/10/2026 11:16,2026-05-10T15:16:00Z,1778426160000,STOP,COMMERCE AVE SW / WEALTHY ST SW
fire,05/10/2026 11:24,2026-05-10T15:24:00Z,1778426640000,INVEST,1000 BATES ST SE
fire,05/10/2026 11:24,2026-05-10T15:24:00Z,1778426640000,MED1,800 MARTIN LUTHER KING JR ST SE
police,05/10/2026 11:37,2026-05-10T15:37:00Z,1778427420000,911U,1100 SIBLEY ST NW
police,05/10/2026 11:37,2026-05-10T15:37:00Z,1778427420000,STOP,TROWBRIDGE ST NE / COLLEGE AVE NE
police,05/10/2026 11:39,2026-05-10T15:39:00Z,1778427540000,PD,FULLER OVER I-196
fire,05/10/2026 11:43,2026-05-10T15:43:00Z,1778427780000,MED1,1300 BURTON ST SE
fire,05/10/2026 11:43,2026-05-10T15:43:00Z,1778427780000,MED2,2100 RAYBROOK AVE SE
police,05/10/2026 11:46,2026-05-10T15:46:00Z,1778427960000,STOP,EASTERN AVE SE / EDNA ST SE
police,05/10/2026 11:48,2026-05-10T15:48:00Z,1778428080000,DISO,1400 LEONARD ST NW
police,05/10/2026 12:07,2026-05-10T16:07:00Z,1778429220000,ALARM,0 COLDBROOK ST NE
police,05/10/2026 12:07,2026-05-10T16:07:00Z,1778429220000,TRES,800 CHERRY ST SE
police,05/10/2026 12:11,2026-05-10T16:11:00Z,1778429460000,DOM,100 BURTON ST SW
police,05/10/2026 12:21,2026-05-10T16:21:00Z,1778430060000,STOP,CHERRY ST SE / HOLLISTER AVE SE
police,05/10/2026 12:21,2026-05-10T16:21:00Z,1778430060000,WELFARE,I-196 EB WO LANE
police,05/10/2026 12:22,2026-05-10T16:22:00Z,1778430120000,TRFCH,ANN ST NW / TURNER AVE NW
fire,05/10/2026 12:25,2026-05-10T16:25:00Z,1778430300000,MED1,3300 EASTERN AVE SE
police,05/10/2026 12:25,2026-05-10T16:25:00Z,1778430300000,SUICIDETH,1100 SWEET ST NE
police,05/10/2026 12:29,2026-05-10T16:29:00Z,1778430540000,STOP,EASTERN AVE SE / HALL ST SE
fire,05/10/2026 12:35,2026-05-10T16:35:00Z,1778430900000,INVEST,LIBRARY ST NE / RANSOM AVE NE
police,05/10/2026 12:37,2026-05-10T16:37:00Z,1778431020000,DOMA,200 MONTGOMERY ST SE
police,05/10/2026 12:37,2026-05-10T16:37:00Z,1778431020000,STOP,LEONARD ST NW / POWERS AVE NW
police,05/10/2026 12:39,2026-05-10T16:39:00Z,1778431140000,DOMA,1400 MUSKEGON AVE NW
police,05/10/2026 12:51,2026-05-10T16:51:00Z,1778431860000,DOM,900 JEFFERSON AVE SE
police,05/10/2026 12:56,2026-05-10T16:56:00Z,1778432160000,WARRANTA,0 MONROE CENTER ST NW
police,05/10/2026 12:59,2026-05-10T16:59:00Z,1778432340000,MDOP,1100 LEONARD ST NW
fire,05/10/2026 13:13,2026-05-10T17:13:00Z,1778433180000,MED1,300 DICKINSON ST SE
police,05/10/2026 13:13,2026-05-10T17:13:00Z,1778433180000,DOM,1200 HILLBURN AVE NW
fire,05/10/2026 13:15,2026-05-10T17:15:00Z,1778433300000,MED1,1900 BRIDGE ST NW
police,05/10/2026 13:38,2026-05-10T17:38:00Z,1778434680000,TRANSM,900 JEFFERSON AVE SE
fire,05/10/2026 13:40,2026-05-10T17:40:00Z,1778434800000,MED1,700 STOCKING AVE NW
fire,05/10/2026 13:58,2026-05-10T17:58:00Z,1778435880000,MED1,100 LIBRARY ST NE
police,05/10/2026 13:58,2026-05-10T17:58:00Z,1778435880000,WELFARE,100 SWEET ST NE
police,05/10/2026 14:11,2026-05-10T18:11:00Z,1778436660000,DOM,2900 MARSHALL AVE SE
fire,05/10/2026 14:12,2026-05-10T18:12:00Z,1778436720000,MED2,600 BURTON ST SE
police,05/10/2026 14:17,2026-05-10T18:17:00Z,1778437020000,UNKACC,600 BURTON ST SE
police,05/10/2026 14:20,2026-05-10T18:20:00Z,1778437200000,TRANSM,3700 CAMELOT DR SE
police,05/10/2026 14:29,2026-05-10T18:29:00Z,1778437740000,STOP,LEONARD ST NW / HAMILTON AVE NW
fire,05/10/2026 14:30,2026-05-10T18:30:00Z,1778437800000,MED1,2200 BRIDGEPORT RD NE
fire,05/10/2026 14:38,2026-05-10T18:38:00Z,1778438280000,MED0,4100 KALAMAZOO AVE SE
police,05/10/2026 14:44,2026-05-10T18:44:00Z,1778438640000,STOP,MADISON AVE SE / CHERRY ST SE
police,05/10/2026 14:49,2026-05-10T18:49:00Z,1778438940000,DISO,CUTLER ST SW / JEROME AVE SW
police,05/10/2026 14:50,2026-05-10T18:50:00Z,1778439000000,WELFARE,900 FRONT AVE NW
police,05/10/2026 14:53,2026-05-10T18:53:00Z,1778439180000,PEACE,1200 WEALTHY ST SE
police,05/10/2026 14:59,2026-05-10T18:59:00Z,1778439540000,STOP,S DIVISION AVE / MARTIN LUTHER KING JR ST SW
police,05/10/2026 15:14,2026-05-10T19:14:00Z,1778440440000,FI,S DIVISION AVE / CHERRY ST SE
police,05/10/2026 15:18,2026-05-10T19:18:00Z,1778440680000,PARKING,1200 ELMGROVE CT NW
fire,05/10/2026 15:19,2026-05-10T19:19:00Z,1778440740000,MED1,1900 BRIDGE ST NW
police,05/10/2026 15:19,2026-05-10T19:19:00Z,1778440740000,DISO,HOUSEMAN AVE NE / LYON ST NE
fire,05/10/2026 15:20,2026-05-10T19:20:00Z,1778440800000,FIREALARM,2200 EASTCASTLE DR SE
police,05/10/2026 15:23,2026-05-10T19:23:00Z,1778440980000,PDHR,I-196 EB AT LAKE MICHIGAN
fire,05/10/2026 15:30,2026-05-10T19:30:00Z,1778441400000,FIREALARM,200 CARRIER ST NE
fire,05/10/2026 15:30,2026-05-10T19:30:00Z,1778441400000,FIREALARM,500 MARSH RIDGE DR NW
police,05/10/2026 15:34,2026-05-10T19:34:00Z,1778441640000,ALARM,0 JEFFERSON AVE SE
fire,05/10/2026 15:46,2026-05-10T19:46:00Z,1778442360000,MED1,200 COMMERCE AVE SW
police,05/10/2026 16:01,2026-05-10T20:01:00Z,1778443260000,MISSING,0 GROVE ST NE
police,05/10/2026 16:08,2026-05-10T20:08:00Z,1778443680000,SHOTS,NELAND AVE SE / BATES ST SE
police,05/10/2026 16:10,2026-05-10T20:10:00Z,1778443800000,DOM,1000 WASHTENAW ST NE
police,05/10/2026 16:15,2026-05-10T20:15:00Z,1778444100000,DOM,900 BAXTER ST SE
police,05/10/2026 16:20,2026-05-10T20:20:00Z,1778444400000,ASSIST,I-196 WB TO FULLER RAMP
police,05/10/2026 16:36,2026-05-10T20:36:00Z,1778445360000,ALARM,600 LETELLIER ST SW
fire,05/10/2026 16:48,2026-05-10T20:48:00Z,1778446080000,MED1,1300 ALLERTON AVE SE
police,05/10/2026 16:49,2026-05-10T20:49:00Z,1778446140000,DOMA,2700 RILEY AVE SW
police,05/10/2026 16:52,2026-05-10T20:52:00Z,1778446320000,DOM,600 COLLEGE AVE SE
police,05/10/2026 16:52,2026-05-10T20:52:00Z,1778446320000,CHILD,EAST BELTLINE AVE SE / CENTERPOINTE MALL ACCESS
police,05/10/2026 16:56,2026-05-10T20:56:00Z,1778446560000,STOP,S DIVISION AVE / WILLIAMS ST SW
police,05/10/2026 17:03,2026-05-10T21:03:00Z,1778446980000,DISO,1400 VAN AUKEN ST SE
police,05/10/2026 17:04,2026-05-10T21:04:00Z,1778447040000,ASSIST,2000 32ND ST SE
police,05/10/2026 17:06,2026-05-10T21:06:00Z,1778447160000,WELFARE,3700 28TH ST SE
fire,05/10/2026 17:16,2026-05-10T21:16:00Z,1778447760000,MED1,1200 JEFFERSON AVE SE
police,05/10/2026 17:19,2026-05-10T21:19:00Z,1778447940000,BARK,500 NAYLOR ST SW
police,05/10/2026 17:27,2026-05-10T21:27:00Z,1778448420000,SUICIDETH,600 LEONARD ST NW
fire,05/10/2026 17:39,2026-05-10T21:39:00Z,1778449140000,FIREALARM,1000 E FULTON ST
police,05/10/2026 17:55,2026-05-10T21:55:00Z,1778450100000,DISO,1800 LAFAYETTE AVE NE
fire,05/10/2026 17:58,2026-05-10T21:58:00Z,1778450280000,FIREOTHER,600 MID TOWNE ST NE
fire,05/10/2026 18:00,2026-05-10T22:00:00Z,1778450400000,MED2,400 HALL ST SE
police,05/10/2026 18:06,2026-05-10T22:06:00Z,1778450760000,DISO,700 BURTON ST SE
police,05/10/2026 18:10,2026-05-10T22:10:00Z,1778451000000,ORDINANCE,600 FRONT AVE NW
police,05/10/2026 18:15,2026-05-10T22:15:00Z,1778451300000,WELFARE,BURTON ST SE / KALAMAZOO AVE SE
police,05/10/2026 18:22,2026-05-10T22:22:00Z,1778451720000,WPNB,700 TULIP ST SW
police,05/10/2026 18:24,2026-05-10T22:24:00Z,1778451840000,SUSPICIOUS,400 MARIETTA ST NE
fire,05/10/2026 18:28,2026-05-10T22:28:00Z,1778452080000,MED1,1100 MONROE AVE NW
police,05/10/2026 18:31,2026-05-10T22:31:00Z,1778452260000,ASLT,1300 LAFAYETTE AVE NE
fire,05/10/2026 18:40,2026-05-10T22:40:00Z,1778452800000,TECHRESCUE,100 SHELDON AVE SE
police,05/10/2026 18:40,2026-05-10T22:40:00Z,1778452800000,DOM,1800 NELSON AVE SE
police,05/10/2026 19:00,2026-05-10T23:00:00Z,1778454000000,WELFARE,1900 WOODLAWN AVE SE
police,05/10/2026 19:00,2026-05-10T23:00:00Z,1778454000000,TRANSP,8500 E GOVERNMENT CENTER DR
police,05/10/2026 19:01,2026-05-10T23:01:00Z,1778454060000,PEACE,600 11TH ST NW
police,05/10/2026 19:04,2026-05-10T23:04:00Z,1778454240000,DISO,500 SPRING AVE NE
police,05/10/2026 19:05,2026-05-10T23:05:00Z,1778454300000,PDB,MONROE AVE NW / NEWBERRY ST NW
police,05/10/2026 19:08,2026-05-10T23:08:00Z,1778454480000,WELFARE,1500 JENNETTE AVE NW
police,05/10/2026 19:15,2026-05-10T23:15:00Z,1778454900000,NOISE,1400 JENNETTE AVE NW
police,05/10/2026 19:20,2026-05-10T23:20:00Z,1778455200000,NOISE,1800 UNION AVE SE
police,05/10/2026 19:20,2026-05-10T23:20:00Z,1778455200000,ASSIST,300 PEARL ST NW
police,05/10/2026 19:22,2026-05-10T23:22:00Z,1778455320000,WELFARE,1900 BRETON RD SE
fire,05/10/2026 19:26,2026-05-10T23:26:00Z,1778455560000,MED2,DELAWARE ST SE / SHELDON AVE SE
fire,05/10/2026 19:30,2026-05-10T23:30:00Z,1778455800000,FIRESTRUC,1300 W FULTON ST
police,05/10/2026 19:38,2026-05-10T23:38:00Z,1778456280000,ANIL,900 SIGSBEE ST SE
fire,05/10/2026 19:39,2026-05-10T23:39:00Z,1778456340000,MED2,0 MONROE AVE NW
police,05/10/2026 19:39,2026-05-10T23:39:00Z,1778456340000,ASSIST,0 MONROE AVE NW
police,05/10/2026 19:42,2026-05-10T23:42:00Z,1778456520000,MISC,3700 28TH ST SE
police,05/10/2026 19:45,2026-05-10T23:45:00Z,1778456700000,WELFARE,900 PERKINS AVE NE
police,05/10/2026 19:49,2026-05-10T23:49:00Z,1778456940000,WELFARE,1900 BRETON RD SE
police,05/10/2026 19:50,2026-05-10T23:50:00Z,1778457000000,DOM,1300 PLAINFIELD AVE NE
fire,05/10/2026 19:51,2026-05-10T23:51:00Z,1778457060000,MED1,1900 WILL AVE NW
police,05/10/2026 19:57,2026-05-10T23:57:00Z,1778457420000,STOP,LAKE DR SE / EAST BELTLINE AVE SE
police,05/10/2026 19:59,2026-05-10T23:59:00Z,1778457540000,WELFARE,WEALTHY ST SW / CESAR E CHAVEZ AVE SW
police,05/10/2026 20:03,2026-05-11T00:03:00Z,1778457780000,WELFARE,400 MICHIGAN ST NE
police,05/10/2026 20:04,2026-05-11T00:04:00Z,1778457840000,ASLTW,100 NATIONAL AVE SW
police,05/10/2026 20:10,2026-05-11T00:10:00Z,1778458200000,ASSIST,1800 LINDEN AVE SE
fire,05/10/2026 20:13,2026-05-11T00:13:00Z,1778458380000,MED1,900 THOMAS ST SE
police,05/10/2026 20:13,2026-05-11T00:13:00Z,1778458380000,DISO,BROWN ST SW / BUCHANAN AVE SW
police,05/10/2026 20:24,2026-05-11T00:24:00Z,1778459040000,ASSIST,FRONT AVE NW / MOUNT VERNON AVE NW
police,05/10/2026 20:33,2026-05-11T00:33:00Z,1778459580000,STOP,MADISON AVE SE / GILBERT ST SE
police,05/10/2026 20:36,2026-05-11T00:36:00Z,1778459760000,DOM,1100 EVERGREEN ST SE
police,05/10/2026 20:38,2026-05-11T00:38:00Z,1778459880000,DOM,I-96 WB TO EAST BELTLINE RAMP
fire,05/10/2026 20:42,2026-05-11T00:42:00Z,1778460120000,FIRESTRUC,4100 POINSETTIA AVE SE
police,05/10/2026 20:49,2026-05-11T00:49:00Z,1778460540000,DOM,1700 GODWIN AVE SE
fire,05/10/2026 20:54,2026-05-11T00:54:00Z,1778460840000,FIRESTRUC,300 MONROE AVE NW
police,05/10/2026 20:58,2026-05-11T00:58:00Z,1778461080000,TRANSP,100 MICHIGAN ST NE
police,05/10/2026 21:01,2026-05-11T01:01:00Z,1778461260000,WELFARE,900 28TH ST SE
police,05/10/2026 21:05,2026-05-11T01:05:00Z,1778461500000,DOM,3000 COIT AVE NE
police,05/10/2026 21:06,2026-05-11T01:06:00Z,1778461560000,FIGHT,QUIMBY ALY NE / N TAYLOR AVE
police,05/10/2026 21:15,2026-05-11T01:15:00Z,1778462100000,TRES,100 28TH ST SE
police,05/10/2026 21:16,2026-05-11T01:16:00Z,1778462160000,STOP,MADISON AVE SE / BEULAH ST SE
police,05/10/2026 21:25,2026-05-11T01:25:00Z,1778462700000,DOMA,1000 CASS AVE SE
fire,05/10/2026 21:29,2026-05-11T01:29:00Z,1778462940000,MED2,100 S DIVISION AVE
police,05/10/2026 21:33,2026-05-11T01:33:00Z,1778463180000,DOAU,100 S DIVISION AVE
police,05/10/2026 21:33,2026-05-11T01:33:00Z,1778463180000,DOMA,1100 STONEBROOK CT NE
fire,05/10/2026 21:34,2026-05-11T01:34:00Z,1778463240000,MED1,1100 MCREYNOLDS AVE NW
police,05/10/2026 21:41,2026-05-11T01:41:00Z,1778463660000,ASSIST,LYON ST NE / LAFAYETTE AVE NE
police,05/10/2026 21:43,2026-05-11T01:43:00Z,1778463780000,WELFARE,3000 ENGLEWOOD AVE SE
police,05/10/2026 21:44,2026-05-11T01:44:00Z,1778463840000,STOP,S DIVISION AVE / WITHEY ST SW
police,05/10/2026 22:02,2026-05-11T02:02:00Z,1778464920000,911U,600 LAFAYETTE AVE SE
fire,05/10/2026 22:07,2026-05-11T02:07:00Z,1778465220000,MED1,400 SEWARD AVE NW
police,05/10/2026 22:11,2026-05-11T02:11:00Z,1778465460000,DISO,WESTON ST SE / JEFFERSON AVE SE
police,05/10/2026 22:13,2026-05-11T02:13:00Z,1778465580000,STOP,EASTERN AVE SE / ELLIOTT ST SE
police,05/10/2026 22:13,2026-05-11T02:13:00Z,1778465580000,DISO,MONROE CENTER ST NW / IONIA AVE NW
fire,05/10/2026 22:16,2026-05-11T02:16:00Z,1778465760000,MED1,100 COLFAX ST NE
police,05/10/2026 22:16,2026-05-11T02:16:00Z,1778465760000,SUICIDEAT,200 BURTON ST SW
fire,05/10/2026 22:17,2026-05-11T02:17:00Z,1778465820000,FIREVEH,400 MICHIGAN ST NE
fire,05/10/2026 22:18,2026-05-11T02:18:00Z,1778465880000,MED1,2100 EASTCASTLE DR SE
fire,05/10/2026 22:19,2026-05-11T02:19:00Z,1778465940000,MED1,200 BURTON ST SW
police,05/10/2026 22:19,2026-05-11T02:19:00Z,1778465940000,UNKACC,2100 EASTCASTLE DR SE
police,05/10/2026 22:21,2026-05-11T02:21:00Z,1778466060000,911H,1400 UNION AVE NE
police,05/10/2026 22:26,2026-05-11T02:26:00Z,1778466360000,SUSPICIOUS,1500 NORTH AVE NE
police,05/10/2026 22:30,2026-05-11T02:30:00Z,1778466600000,STOP,DALLAS AVE SE / WATKINS ST SE
police,05/10/2026 22:51,2026-05-11T02:51:00Z,1778467860000,DISO,1100 RICHMOND ST NW
police,05/10/2026 22:53,2026-05-11T02:53:00Z,1778467980000,DOM,300 SPENCER ST NE
police,05/10/2026 22:56,2026-05-11T02:56:00Z,1778468160000,NOISE,500 SHIRLEY ST NE
police,05/10/2026 22:59,2026-05-11T02:59:00Z,1778468340000,DISO,0 WESTON ST SE
police,05/10/2026 23:00,2026-05-11T03:00:00Z,1778468400000,PDHR,BURTON ST SW / JEROME AVE SW
fire,05/10/2026 23:01,2026-05-11T03:01:00Z,1778468460000,MED1,1400 KALAMAZOO AVE SE
police,05/10/2026 23:03,2026-05-11T03:03:00Z,1778468580000,ALARM,1100 PLAINFIELD AVE NE
police,05/10/2026 23:12,2026-05-11T03:12:00Z,1778469120000,STOP,GARFIELD AVE NW / RICHMOND ST NW
police,05/10/2026 23:20,2026-05-11T03:20:00Z,1778469600000,WELFARE,800 BRIDGE ST NW
police,05/10/2026 23:21,2026-05-11T03:21:00Z,1778469660000,NOISE,0 BATAVIA PL NE
police,05/10/2026 23:22,2026-05-11T03:22:00Z,1778469720000,SUSPICIOUS,0 MARTIN LUTHER KING JR ST SW
fire,05/10/2026 23:25,2026-05-11T03:25:00Z,1778469900000,MED1,0 BATAVIA PL NE
police,05/10/2026 23:28,2026-05-11T03:28:00Z,1778470080000,STOP,BRIDGE ST NW / CADWELL AVE NW
police,05/10/2026 23:33,2026-05-11T03:33:00Z,1778470380000,SUSPICIOUS,100 LAKESIDE DR NE
police,05/10/2026 23:33,2026-05-11T03:33:00Z,1778470380000,SUSPICIOUS,BURTON ST SE / MARTIN AVE SE
police,05/10/2026 23:37,2026-05-11T03:37:00Z,1778470620000,STOP,HALL ST SE / MADISON AVE SE
police,05/10/2026 23:44,2026-05-11T03:44:00Z,1778471040000,STOP,1600 BUTTERWORTH ST SW
police,05/10/2026 23:57,2026-05-11T03:57:00Z,1778471820000,STOP,100 SEWARD AVE NW
police,05/11/2026 00:03,2026-05-11T04:03:00Z,1778472180000,STOP,100 ANTOINE ST SW
police,05/11/2026 00:09,2026-05-11T04:09:00Z,1778472540000,STOP,28TH ST SW / BUCHANAN AVE SW
fire,05/11/2026 00:11,2026-05-11T04:11:00Z,1778472660000,FIREALARM,100 MONROE CENTER ST NW
police,05/11/2026 00:16,2026-05-11T04:16:00Z,1778472960000,STOP,SWEET ST NE / DIAMOND AVE NE
police,05/11/2026 00:19,2026-05-11T04:19:00Z,1778473140000,STOP,S DIVISION AVE / ANTOINE ST SW
fire,05/11/2026 00:20,2026-05-11T04:20:00Z,1778473200000,INVEST,4100 KALAMAZOO AVE SE
police,05/11/2026 00:22,2026-05-11T04:22:00Z,1778473320000,DOM,1900 BRADFORD ST NE
police,05/11/2026 00:22,2026-05-11T04:22:00Z,1778473320000,SHOTS,600 HOGAN ST SW
fire,05/11/2026 00:34,2026-05-11T04:34:00Z,1778474040000,MED1,S DIVISION AVE / BARTLETT ST SW
police,05/11/2026 00:47,2026-05-11T04:47:00Z,1778474820000,WELFARE,US-131 NB TO HALL RAMP
police,05/11/2026 00:48,2026-05-11T04:48:00Z,1778474880000,STOP,28TH ST SW / BUCHANAN AVE SW
police,05/11/2026 01:00,2026-05-11T05:00:00Z,1778475600000,PDHR,ROSE ST SW / BUCHANAN AVE SW
fire,05/11/2026 01:03,2026-05-11T05:03:00Z,1778475780000,MED1,1200 PLYMOUTH AVE NE
fire,05/11/2026 01:06,2026-05-11T05:06:00Z,1778475960000,MED1,100 WESTON ST SW
police,05/11/2026 01:07,2026-05-11T05:07:00Z,1778476020000,DISO,100 JEFFERSON AVE SE
police,05/11/2026 01:09,2026-05-11T05:09:00Z,1778476140000,911U,600 LIVINGSTON AVE NE
police,05/11/2026 01:10,2026-05-11T05:10:00Z,1778476200000,ALARM,200 MONROE AVE NW
police,05/11/2026 01:15,2026-05-11T05:15:00Z,1778476500000,DOM,1000 SHELDON AVE SE
police,05/11/2026 01:16,2026-05-11T05:16:00Z,1778476560000,STOLENV,HUGHART ST SW / CAULFIELD AVE SW
police,05/11/2026 01:27,2026-05-11T05:27:00Z,1778477220000,DISO,1000 PINE AVE NW
police,05/11/2026 01:30,2026-05-11T05:30:00Z,1778477400000,STOP,WEALTHY OVER US-131
police,05/11/2026 01:49,2026-05-11T05:49:00Z,1778478540000,SHOTS,0 E FULTON ST
fire,05/11/2026 01:52,2026-05-11T05:52:00Z,1778478720000,FIREALARM,4000 WHISPERING WAY SE
police,05/11/2026 01:56,2026-05-11T05:56:00Z,1778478960000,DOMA,3500 NORTHLAKE DR NE
fire,05/11/2026 02:04,2026-05-11T06:04:00Z,1778479440000,MED1,3900 STAHL DR SE
police,05/11/2026 02:04,2026-05-11T06:04:00Z,1778479440000,FIGHT,1100 BAXTER ST SE
police,05/11/2026 02:05,2026-05-11T06:05:00Z,1778479500000,ALARM,100 MONROE CENTER ST NW
police,05/11/2026 02:08,2026-05-11T06:08:00Z,1778479680000,STOP,LEONARD ST NW / SEWARD AVE NW
police,05/11/2026 02:13,2026-05-11T06:13:00Z,1778479980000,STOP,WEALTHY ST SE / LA GRAVE AVE SE
police,05/11/2026 02:29,2026-05-11T06:29:00Z,1778480940000,WELFARE,1800 BRADFORD ST NE
fire,05/11/2026 02:30,2026-05-11T06:30:00Z,1778481000000,CARBON,900 LANCASHIRE CT SE
police,05/11/2026 02:31,2026-05-11T06:31:00Z,1778481060000,ALARM,2200 S DIVISION AVE
police,05/11/2026 02:32,2026-05-11T06:32:00Z,1778481120000,WELFARE,400 DUDLEY PL NE
police,05/11/2026 02:37,2026-05-11T06:37:00Z,1778481420000,STOP,ALPINE AVE NW / 7TH ST NW
police,05/11/2026 02:37,2026-05-11T06:37:00Z,1778481420000,STOP,S DIVISION AVE / MEERSE ST SE
police,05/11/2026 02:49,2026-05-11T06:49:00Z,1778482140000,STOP,SEWARD AVE NW / 11TH ST NW
police,05/11/2026 03:14,2026-05-11T07:14:00Z,1778483640000,STOP,EASTERN AVE SE / OAKDALE ST SE
police,05/11/2026 03:17,2026-05-11T07:17:00Z,1778483820000,STOP,LEONARD ST NE / N TAYLOR AVE
police,05/11/2026 03:25,2026-05-11T07:25:00Z,1778484300000,STOP,WEALTHY ST SE / LA GRAVE AVE SE
fire,05/11/2026 03:26,2026-05-11T07:26:00Z,1778484360000,MED1,2900 MARSHALL AVE SE
police,05/11/2026 03:34,2026-05-11T07:34:00Z,1778484840000,STOP,400 S DIVISION AVE
police,05/11/2026 03:38,2026-05-11T07:38:00Z,1778485080000,911U,800 S DIVISION AVE
police,05/11/2026 03:40,2026-05-11T07:40:00Z,1778485200000,STOP,300 SHELDON AVE SE
police,05/11/2026 03:52,2026-05-11T07:52:00Z,1778485920000,STOP,COLLEGE AVE NE / SWEET ST NE
police,05/11/2026 03:56,2026-05-11T07:56:00Z,1778486160000,DISO,IONIA AVE SW / W FULTON ST
police,05/11/2026 04:03,2026-05-11T08:03:00Z,1778486580000,TRES,1200 MICHIGAN ST NE
police,05/11/2026 04:10,2026-05-11T08:10:00Z,1778487000000,SUSPICIOUS,1900 LAKE MICHIGAN DR NW
police,05/11/2026 04:18,2026-05-11T08:18:00Z,1778487480000,STOP,PRINCE ST SE / EASTERN AVE SE
police,05/11/2026 04:24,2026-05-11T08:24:00Z,1778487840000,TRANSP,100 MICHIGAN ST NE
fire,05/11/2026 04:31,2026-05-11T08:31:00Z,1778488260000,MED2,400 FULLER AVE SE
police,05/11/2026 04:31,2026-05-11T08:31:00Z,1778488260000,STOP,MADISON AVE SE / WORDEN ST SE
police,05/11/2026 04:32,2026-05-11T08:32:00Z,1778488320000,ASSIST,400 FULLER AVE SE
police,05/11/2026 04:40,2026-05-11T08:40:00Z,1778488800000,PD,US-131 SB IN S-CURVE
police,05/11/2026 04:41,2026-05-11T08:41:00Z,1778488860000,SUSPICIOUS,ELLSWORTH AVE SW / GOODRICH ST SW
police,05/11/2026 04:53,2026-05-11T08:53:00Z,1778489580000,DOM,700 WATSON ST SW
police,05/11/2026 04:54,2026-05-11T08:54:00Z,1778489640000,SUSPICIOUS,PLEASANT ST SE / CASS AVE SE
fire,05/11/2026 05:02,2026-05-11T09:02:00Z,1778490120000,MED2,400 FREMONT AVE NW
police,05/11/2026 05:17,2026-05-11T09:17:00Z,1778491020000,WELFARE,400 S DIVISION AVE
police,05/11/2026 05:20,2026-05-11T09:20:00Z,1778491200000,PDHR,IONIA AVE NW / LYON ST NW
police,05/11/2026 05:40,2026-05-11T09:40:00Z,1778492400000,SUSPICIOUS,900 PASTICHE DR SE
fire,05/11/2026 05:43,2026-05-11T09:43:00Z,1778492580000,MED2,900 PASTICHE DR SE
fire,05/11/2026 05:45,2026-05-11T09:45:00Z,1778492700000,FIREALARM,2800 BURTON ST SE
police,05/11/2026 05:57,2026-05-11T09:57:00Z,1778493420000,WELFARE,HALL TO US-131 NB RAMP
police,05/11/2026 06:14,2026-05-11T10:14:00Z,1778494440000,STOP,400 LEONARD ST NW
police,05/11/2026 06:25,2026-05-11T10:25:00Z,1778495100000,STOP,400 LEONARD ST NW
fire,05/11/2026 06:33,2026-05-11T10:33:00Z,1778495580000,MED2,1600 LEONARD ST NW
police,05/11/2026 06:33,2026-05-11T10:33:00Z,1778495580000,ASSIST,1600 LEONARD ST NW
police,05/11/2026 06:52,2026-05-11T10:52:00Z,1778496720000,ALARM,400 HIGHLAND ST SE
police,05/11/2026 07:00,2026-05-11T11:00:00Z,1778497200000,BROADCAST,CHERRY ST SW / COMMERCE AVE SW
police,05/11/2026 07:00,2026-05-11T11:00:00Z,1778497200000,WELFARE,CHERRY ST SW / COMMERCE AVE SW
police,05/11/2026 07:12,2026-05-11T11:12:00Z,1778497920000,TRES,100 RANSOM AVE NE
police,05/11/2026 07:15,2026-05-11T11:15:00Z,1778498100000,PDB,ANN ST NW / ALPINE AVE NW
police,05/11/2026 07:16,2026-05-11T11:16:00Z,1778498160000,ALARM,500 CENTURY AVE SW
fire,05/11/2026 07:18,2026-05-11T11:18:00Z,1778498280000,MED2,ANN ST NW / ALPINE AVE NW
police,05/11/2026 07:24,2026-05-11T11:24:00Z,1778498640000,STOP,600 KIRTLAND ST SW
fire,05/11/2026 07:44,2026-05-11T11:44:00Z,1778499840000,MED2,100 SHELDON AVE SE
police,05/11/2026 07:48,2026-05-11T11:48:00Z,1778500080000,PARKING,900 CAULFIELD AVE SW
police,05/11/2026 07:54,2026-05-11T11:54:00Z,1778500440000,FI,1600 FRANCIS AVE SE
police,05/11/2026 07:57,2026-05-11T11:57:00Z,1778500620000,PDHR,1300 RICHWOOD DR SE
fire,05/11/2026 08:06,2026-05-11T12:06:00Z,1778501160000,MED1,LOGAN ST SE / HENRY AVE SE
fire,05/11/2026 08:13,2026-05-11T12:13:00Z,1778501580000,MED1,LAKE MICHIGAN DR NW / SEWARD AVE NW
police,05/11/2026 08:13,2026-05-11T12:13:00Z,1778501580000,DOM,3300 DAWES AVE SE
police,05/11/2026 08:14,2026-05-11T12:14:00Z,1778501640000,DISO,0 WESTON ST SW-RAMP
police,05/11/2026 08:16,2026-05-11T12:16:00Z,1778501760000,DOMA,800 CASS AVE SE
fire,05/11/2026 08:31,2026-05-11T12:31:00Z,1778502660000,MED1,600 FRONT AVE NW
fire,05/11/2026 08:37,2026-05-11T12:37:00Z,1778503020000,MED1,300 S DIVISION AVE
police,05/11/2026 08:37,2026-05-11T12:37:00Z,1778503020000,THREAT,3100 PLAZA DR NE
police,05/11/2026 08:43,2026-05-11T12:43:00Z,1778503380000,WELFARE,N TAYLOR AVE / GROVE ST NE
police,05/11/2026 08:46,2026-05-11T12:46:00Z,1778503560000,DISO,500 DIAMOND AVE NE
police,05/11/2026 08:53,2026-05-11T12:53:00Z,1778503980000,ASSIST,KALAMAZOO AVE SE / (SO)28TH ST SE
fire,05/11/2026 09:12,2026-05-11T13:12:00Z,1778505120000,MED2,US-131 NB SO WEALTHY
police,05/11/2026 09:13,2026-05-11T13:13:00Z,1778505180000,UNKACC,US-131 NB SO WEALTHY
fire,05/11/2026 09:18,2026-05-11T13:18:00Z,1778505480000,MED1,LYON ST NW / OTTAWA AVE NW
fire,05/11/2026 09:19,2026-05-11T13:19:00Z,1778505540000,FIREALARM,200 GRAHAM ST SW
police,05/11/2026 09:19,2026-05-11T13:19:00Z,1778505540000,PI,LYON ST NW / OTTAWA AVE NW
police,05/11/2026 09:26,2026-05-11T13:26:00Z,1778505960000,ALARM,3500 LAKE EASTBROOK BLVD SE
police,05/11/2026 09:28,2026-05-11T13:28:00Z,1778506080000,PI,BURTON ST SW / CENTURY AVE SW
police,05/11/2026 09:33,2026-05-11T13:33:00Z,1778506380000,TRES,400 SEWARD AVE NW
fire,05/11/2026 09:36,2026-05-11T13:36:00Z,1778506560000,AOA,700 BENJAMIN AVE SE
fire,05/11/2026 09:37,2026-05-11T13:37:00Z,1778506620000,MED1,3500 BROOK TRL SE
police,05/11/2026 09:40,2026-05-11T13:40:00Z,1778506800000,PD,1000 MICHIGAN ST NE
police,05/11/2026 09:40,2026-05-11T13:40:00Z,1778506800000,PD,500 PLYMOUTH AVE NE
fire,05/11/2026 09:44,2026-05-11T13:44:00Z,1778507040000,MED1,3600 NEWCASTLE DR SE
police,05/11/2026 09:44,2026-05-11T13:44:00Z,1778507040000,ASLTW,1200 PLAINFIELD AVE NE
police,05/11/2026 09:48,2026-05-11T13:48:00Z,1778507280000,WELFARE,PLAINFIELD AVE NE / PALMER ST NE
police,05/11/2026 09:58,2026-05-11T13:58:00Z,1778507880000,SUSPICIOUS,1000 PROSPECT AVE SE
fire,05/11/2026 10:04,2026-05-11T14:04:00Z,1778508240000,MED1,2000 32ND ST SE
police,05/11/2026 10:06,2026-05-11T14:06:00Z,1778508360000,CHILD,BURTON ST SE / MADISON AVE SE
police,05/11/2026 10:13,2026-05-11T14:13:00Z,1778508780000,DISO,400 CHERRY ST SE
fire,05/11/2026 10:14,2026-05-11T14:14:00Z,1778508840000,MED1,2000 S DIVISION AVE
police,05/11/2026 10:14,2026-05-11T14:14:00Z,1778508840000,BROADCAST,2000 S DIVISION AVE
fire,05/11/2026 10:19,2026-05-11T14:19:00Z,1778509140000,MED1,2400 43RD ST SE
fire,05/11/2026 10:27,2026-05-11T14:27:00Z,1778509620000,MED1,1500 S DIVISION AVE
police,05/11/2026 10:30,2026-05-11T14:30:00Z,1778509800000,WPNB,1100 RICHMOND ST NW
police,05/11/2026 10:31,2026-05-11T14:31:00Z,1778509860000,DOMA,1000 SHELDON AVE SE
fire,05/11/2026 10:33,2026-05-11T14:33:00Z,1778509980000,MED1,100 SHELDON AVE SE
police,05/11/2026 10:38,2026-05-11T14:38:00Z,1778510280000,LOITER,2300 BURTON ST SE
fire,05/11/2026 10:43,2026-05-11T14:43:00Z,1778510580000,MED1,400 SEWARD AVE NW
fire,05/11/2026 10:44,2026-05-11T14:44:00Z,1778510640000,MED1,2000 32ND ST SE
fire,05/11/2026 10:50,2026-05-11T14:50:00Z,1778511000000,MED1,2000 EAST BELTLINE AVE NE
fire,05/11/2026 10:51,2026-05-11T14:51:00Z,1778511060000,MED1,1000 BRIDGE ST NW
police,05/11/2026 10:56,2026-05-11T14:56:00Z,1778511360000,ASLT,WOODWARD AVE SE / BURTON ST SE
police,05/11/2026 11:03,2026-05-11T15:03:00Z,1778511780000,SUICIDETH,400 CHERRY ST SE
police,05/11/2026 11:07,2026-05-11T15:07:00Z,1778512020000,STOP,KNAPP ST NE / EAST BELTLINE AVE NE
police,05/11/2026 11:15,2026-05-11T15:15:00Z,1778512500000,STOP,1200 OTTILLIA ST SE
fire,05/11/2026 11:20,2026-05-11T15:20:00Z,1778512800000,MED1,900 S DIVISION AVE
police,05/11/2026 11:33,2026-05-11T15:33:00Z,1778513580000,SUSPICIOUS,600 CHERRY ST SE
fire,05/11/2026 11:40,2026-05-11T15:40:00Z,1778514000000,MED1,0 FOUNTAIN ST NE
police,05/11/2026 11:40,2026-05-11T15:40:00Z,1778514000000,TRES,400 SEWARD AVE NW
police,05/11/2026 11:42,2026-05-11T15:42:00Z,1778514120000,SUSPICIOUS,BENJAMIN AVE SE / MILTON ST SE
fire,05/11/2026 11:43,2026-05-11T15:43:00Z,1778514180000,MED1,3600 BIRCHVIEW CT SE
police,05/11/2026 11:43,2026-05-11T15:43:00Z,1778514180000,PARKING,100 MONROE CENTER ST NW
police,05/11/2026 11:45,2026-05-11T15:45:00Z,1778514300000,STOP,1400 FULLER AVE SE
police,05/11/2026 11:51,2026-05-11T15:51:00Z,1778514660000,STOP,200 JEFFERSON AVE SE
police,05/11/2026 11:55,2026-05-11T15:55:00Z,1778514900000,STOP,LEONARD ST NE / FULLER AVE NE
fire,05/11/2026 12:03,2026-05-11T16:03:00Z,1778515380000,MED1,COVELL AVE NW / W FULTON ST
police,05/11/2026 12:03,2026-05-11T16:03:00Z,1778515380000,DOMA,700 SIBLEY ST NW
police,05/11/2026 12:07,2026-05-11T16:07:00Z,1778515620000,SUSPICIOUS,2800 WOODMEADOW PL SE
police,05/11/2026 12:08,2026-05-11T16:08:00Z,1778515680000,ASLT,200 JEFFERSON AVE SE
police,05/11/2026 12:25,2026-05-11T16:25:00Z,1778516700000,PD,S DIVISION AVE / CORINNE ST SW
fire,05/11/2026 12:27,2026-05-11T16:27:00Z,1778516820000,MED1,800 7TH ST NW
police,05/11/2026 12:27,2026-05-11T16:27:00Z,1778516820000,ECHO,800 7TH ST NW
police,05/11/2026 12:36,2026-05-11T16:36:00Z,1778517360000,DISO,WEALTHY OVER US-131
police,05/11/2026 12:45,2026-05-11T16:45:00Z,1778517900000,STOP,ANTOINE ST SW / S DIVISION AVE
fire,05/11/2026 12:52,2026-05-11T16:52:00Z,1778518320000,MED1,1400 BRIDGE ST NW
fire,05/11/2026 12:57,2026-05-11T16:57:00Z,1778518620000,MED1,400 BRIDGE ST NW
police,05/11/2026 12:57,2026-05-11T16:57:00Z,1778518620000,STOP,HALL ST SE / SHELDON AVE SE
police,05/11/2026 13:04,2026-05-11T17:04:00Z,1778519040000,DOM,100 CHERRY ST SE
police,05/11/2026 13:06,2026-05-11T17:06:00Z,1778519160000,STOP,COLLEGE AVE NE / MORE ST NE
police,05/11/2026 13:14,2026-05-11T17:14:00Z,1778519640000,TRANSP,1100 LEONARD ST NW
police,05/11/2026 13:15,2026-05-11T17:15:00Z,1778519700000,STOP,100 E FULTON ST
police,05/11/2026 13:17,2026-05-11T17:17:00Z,1778519820000,OPEN,2400 EASTERN AVE SE
police,05/11/2026 13:18,2026-05-11T17:18:00Z,1778519880000,STOP,COLLEGE AVE NE / CURTIS ST NE
police,05/11/2026 13:20,2026-05-11T17:20:00Z,1778520000000,STOP,MARTIN LUTHER KING JR ST SE / HENRY AVE SE
police,05/11/2026 13:21,2026-05-11T17:21:00Z,1778520060000,STOP,GOODRICH ST SW / COMMERCE AVE SW
police,05/11/2026 13:24,2026-05-11T17:24:00Z,1778520240000,STOP,PLAINFIELD AVE NE / SWEET ST NE
fire,05/11/2026 13:26,2026-05-11T17:26:00Z,1778520360000,MED1,600 LYNCH ST SW
fire,05/11/2026 13:31,2026-05-11T17:31:00Z,1778520660000,MED1,800 CHERRY ST SE
fire,05/11/2026 13:40,2026-05-11T17:40:00Z,1778521200000,MED1,2600 SWANSEA PL SE
police,05/11/2026 13:41,2026-05-11T17:41:00Z,1778521260000,LITTER,200 MICHIGAN ST NW
fire,05/11/2026 13:42,2026-05-11T17:42:00Z,1778521320000,MED1,100 SHELDON AVE SE
fire,05/11/2026 13:47,2026-05-11T17:47:00Z,1778521620000,MED1,1400 COLLEGE AVE NE
police,05/11/2026 13:51,2026-05-11T17:51:00Z,1778521860000,WELFARE,COMMERCE AVE SW / CHERRY ST SW
fire,05/11/2026 13:54,2026-05-11T17:54:00Z,1778522040000,WIRE,100 PALMER ST NE
police,05/11/2026 13:59,2026-05-11T17:59:00Z,1778522340000,UNKACC,DEAN LAKE AVE NE / KNAPP ST NE
police,05/11/2026 14:02,2026-05-11T18:02:00Z,1778522520000,WELFARE,1000 BOSTON ST SE
police,05/11/2026 14:13,2026-05-11T18:13:00Z,1778523180000,DOAU,600 LYNCH ST SW
fire,05/11/2026 14:32,2026-05-11T18:32:00Z,1778524320000,MED2,4000 WHISPERING WAY SE
police,05/11/2026 14:47,2026-05-11T18:47:00Z,1778525220000,OBSCENE,FULLER AVE NE / MICHIGAN ST NE
police,05/11/2026 14:49,2026-05-11T18:49:00Z,1778525340000,STOP,S DIVISION AVE / MARTIN LUTHER KING JR ST SW
police,05/11/2026 15:00,2026-05-11T19:00:00Z,1778526000000,PD,US-131 NB NO ANN-GR
fire,05/11/2026 15:02,2026-05-11T19:02:00Z,1778526120000,MED1,400 11TH ST NW
police,05/11/2026 15:08,2026-05-11T19:08:00Z,1778526480000,DOM,200 LOUIS CAMPAU PROMENADE  NW
police,05/11/2026 15:22,2026-05-11T19:22:00Z,1778527320000,SUSPICIOUS,1500 42ND ST SE
police,05/11/2026 15:24,2026-05-11T19:24:00Z,1778527440000,BURGC,1200 4TH ST NW
police,05/11/2026 15:30,2026-05-11T19:30:00Z,1778527800000,PI,2000 MONROE AVE NW
police,05/11/2026 15:31,2026-05-11T19:31:00Z,1778527860000,PARKING,1000 SIBLEY ST NW
police,05/11/2026 15:46,2026-05-11T19:46:00Z,1778528760000,WELFARE,1300 HOUSEMAN AVE NE
police,05/11/2026 15:47,2026-05-11T19:47:00Z,1778528820000,DOM,800 EMERALD AVE NE
police,05/11/2026 15:48,2026-05-11T19:48:00Z,1778528880000,DISO,400 FULLER AVE SE
police,05/11/2026 15:53,2026-05-11T19:53:00Z,1778529180000,ASSIST,LYON ST NW / IONIA AVE NW
police,05/11/2026 15:56,2026-05-11T19:56:00Z,1778529360000,TRES,2700 EAST BELTLINE AVE SE
police,05/11/2026 16:03,2026-05-11T20:03:00Z,1778529780000,OBSCENE,700 NAYLOR ST SW
police,05/11/2026 16:13,2026-05-11T20:13:00Z,1778530380000,FRAUD,2400 BURTON ST SE
fire,05/11/2026 16:15,2026-05-11T20:15:00Z,1778530500000,MED2,1600 LEONARD ST NE
police,05/11/2026 16:24,2026-05-11T20:24:00Z,1778531040000,WPNB,1400 DAVIS AVE NW
fire,05/11/2026 16:25,2026-05-11T20:25:00Z,1778531100000,MED2,1300 EAST BELTLINE AVE SE
fire,05/11/2026 16:26,2026-05-11T20:26:00Z,1778531160000,MED1,800 COVELL AVE NW
fire,05/11/2026 16:39,2026-05-11T20:39:00Z,1778531940000,MED1,1000 MARKET AVE SW
fire,05/11/2026 16:43,2026-05-11T20:43:00Z,1778532180000,MED2,3800 GIDDINGS AVE SE
police,05/11/2026 16:44,2026-05-11T20:44:00Z,1778532240000,ASSIST,I-196 EB WO BRIDGE
fire,05/11/2026 16:51,2026-05-11T20:51:00Z,1778532660000,MED1,2000 32ND ST SE
police,05/11/2026 16:59,2026-05-11T20:59:00Z,1778533140000,DOM,1800 COIT AVE NE
fire,05/11/2026 17:01,2026-05-11T21:01:00Z,1778533260000,MED2,1000 WHITE AVE NW
police,05/11/2026 17:02,2026-05-11T21:02:00Z,1778533320000,ASSIST,1000 WHITE AVE NW
fire,05/11/2026 17:11,2026-05-11T21:11:00Z,1778533860000,MED1,1700 S DIVISION AVE
police,05/11/2026 17:12,2026-05-11T21:12:00Z,1778533920000,ASSIST,1700 S DIVISION AVE
fire,05/11/2026 17:16,2026-05-11T21:16:00Z,1778534160000,MED2,3500 28TH ST SE
fire,05/11/2026 17:19,2026-05-11T21:19:00Z,1778534340000,MED2,0 BANNER ST SW
police,05/11/2026 17:22,2026-05-11T21:22:00Z,1778534520000,ANIL,0 BANNER ST SW
police,05/11/2026 17:59,2026-05-11T21:59:00Z,1778536740000,VEHI,1300 PORTLAND AVE NE
police,05/11/2026 18:00,2026-05-11T22:00:00Z,1778536800000,DOM,1300 HALL ST SE
police,05/11/2026 18:04,2026-05-11T22:04:00Z,1778537040000,LOSTFOUND,EASTERN AVE NE / COLDBROOK ST NE
police,05/11/2026 18:05,2026-05-11T22:05:00Z,1778537100000,OBSCENE,LEONARD ST NW / FAIRFIELD AVE NW
police,05/11/2026 18:08,2026-05-11T22:08:00Z,1778537280000,DOMA,500 EASTERN AVE SE
police,05/11/2026 18:11,2026-05-11T22:11:00Z,1778537460000,SUSPICIOUS,3400 PLAINFIELD AVE NE
police,05/11/2026 18:12,2026-05-11T22:12:00Z,1778537520000,ALARM,400 LAFAYETTE AVE SE
police,05/11/2026 18:20,2026-05-11T22:20:00Z,1778538000000,DISO,1100 WEALTHY ST SE
police,05/11/2026 18:22,2026-05-11T22:22:00Z,1778538120000,ASLT,900 PASTICHE DR SE
police,05/11/2026 18:24,2026-05-11T22:24:00Z,1778538240000,HARASS,900 33RD ST SE
police,05/11/2026 18:27,2026-05-11T22:27:00Z,1778538420000,DOMA,1500 28TH ST SE
police,05/11/2026 18:30,2026-05-11T22:30:00Z,1778538600000,PIHR,KALAMAZOO AVE SE / (NO)36TH ST SE
fire,05/11/2026 18:31,2026-05-11T22:31:00Z,1778538660000,MED1,900 PERKINS AVE NE
police,05/11/2026 18:31,2026-05-11T22:31:00Z,1778538660000,PD,1600 PLAINFIELD AVE NE
police,05/11/2026 18:36,2026-05-11T22:36:00Z,1778538960000,ASLT,1100 QUARRY AVE NW
police,05/11/2026 18:38,2026-05-11T22:38:00Z,1778539080000,BARK,1200 ECKLUND ST NE
fire,05/11/2026 18:43,2026-05-11T22:43:00Z,1778539380000,MED1,300 FRONT AVE SW
fire,05/11/2026 18:46,2026-05-11T22:46:00Z,1778539560000,MED1,2100 BLUE BELL WAY NW
police,05/11/2026 18:48,2026-05-11T22:48:00Z,1778539680000,STOP,HALL ST SE / PARIS AVE SE
police,05/11/2026 18:57,2026-05-11T22:57:00Z,1778540220000,ASSIST,US-131 SB NO SIXTH
police,05/11/2026 19:01,2026-05-11T23:01:00Z,1778540460000,WELFARE,900 PROSPECT AVE NE
police,05/11/2026 19:07,2026-05-11T23:07:00Z,1778540820000,ASSIST,BURTON ST SW / CLYDE PARK AVE SW
police,05/11/2026 19:11,2026-05-11T23:11:00Z,1778541060000,DISO,800 KALAMAZOO AVE SE
police,05/11/2026 19:21,2026-05-11T23:21:00Z,1778541660000,WELFARE,600 1ST ST NW
police,05/11/2026 19:26,2026-05-11T23:26:00Z,1778541960000,WELFARE,500 GRAHAM ST SW
police,05/11/2026 19:29,2026-05-11T23:29:00Z,1778542140000,DISO,800 INNES ST NE
police,05/11/2026 19:30,2026-05-11T23:30:00Z,1778542200000,PARKING,800 5TH ST NW
police,05/11/2026 19:32,2026-05-11T23:32:00Z,1778542320000,DOM,200 LANE AVE SW
police,05/11/2026 19:33,2026-05-11T23:33:00Z,1778542380000,SHOOTPD,1600 JEFFERSON AVE SE
police,05/11/2026 19:44,2026-05-11T23:44:00Z,1778543040000,DOM,300 PROSPECT AVE NE
police,05/11/2026 19:50,2026-05-11T23:50:00Z,1778543400000,DOM,900 FRONT AVE NW
police,05/11/2026 20:10,2026-05-12T00:10:00Z,1778544600000,DISO,400 PLEASANT ST SE
police,05/11/2026 20:12,2026-05-12T00:12:00Z,1778544720000,DOM,100 NATIONAL AVE SW
police,05/11/2026 20:16,2026-05-12T00:16:00Z,1778544960000,STOP,LEONARD ST NE / N TAYLOR AVE
police,05/11/2026 20:36,2026-05-12T00:36:00Z,1778546160000,NOISE,2900 MARSHALL AVE SE
police,05/11/2026 20:44,2026-05-12T00:44:00Z,1778546640000,DISO,300 FULLER AVE SE
police,05/11/2026 20:44,2026-05-12T00:44:00Z,1778546640000,STOP,EASTERN AVE SE / PASTICHE DR SE
fire,05/11/2026 21:16,2026-05-12T01:16:00Z,1778548560000,MED2,100 LAKESIDE DR NE
fire,05/11/2026 21:17,2026-05-12T01:17:00Z,1778548620000,MED1,2400 VALLEYWOOD DR SE
police,05/11/2026 21:18,2026-05-12T01:18:00Z,1778548680000,WELFARE,2800 S DIVISION AVE
police,05/11/2026 21:18,2026-05-12T01:18:00Z,1778548680000,STOP,EASTERN AVE SE / THOMAS ST SE
fire,05/11/2026 21:23,2026-05-12T01:23:00Z,1778548980000,MED1,1200 ALGER ST SE
fire,05/11/2026 21:25,2026-05-12T01:25:00Z,1778549100000,MED1,LEONARD UNDER US-131
police,05/11/2026 21:37,2026-05-12T01:37:00Z,1778549820000,WELFARE,0 JEFFERSON AVE SE
police,05/11/2026 21:43,2026-05-12T01:43:00Z,1778550180000,STOP,28TH ST SE / EASTERN AVE SE
police,05/11/2026 21:57,2026-05-12T01:57:00Z,1778551020000,STOP,33RD ST SE / EASTERN AVE SE
police,05/11/2026 21:58,2026-05-12T01:58:00Z,1778551080000,WELFARE,1800 BRADFORD ST NE
police,05/11/2026 22:04,2026-05-12T02:04:00Z,1778551440000,STOP,EASTERN AVE SE / LARAWAY PLZ SE
police,05/11/2026 22:05,2026-05-12T02:05:00Z,1778551500000,NOISE,1200 DUNHAM ST SE
police,05/11/2026 22:14,2026-05-12T02:14:00Z,1778552040000,STOP,S DIVISION AVE / GRANT ST SW
fire,05/11/2026 22:23,2026-05-12T02:23:00Z,1778552580000,CARBON,700 FREMONT AVE NW
police,05/11/2026 22:43,2026-05-12T02:43:00Z,1778553780000,STOP,EASTERN AVE SE / EVERGLADE DR SE
police,05/11/2026 22:44,2026-05-12T02:44:00Z,1778553840000,STOP,MADISON AVE SE / HALL ST SE
police,05/11/2026 22:52,2026-05-12T02:52:00Z,1778554320000,DISO,300 IONIA AVE SW
fire,05/11/2026 23:02,2026-05-12T03:02:00Z,1778554920000,INVEST,1700 EDITH AVE NE
police,05/11/2026 23:03,2026-05-12T03:03:00Z,1778554980000,STOP,EASTERN AVE SE / BOSTON ST SE
police,05/11/2026 23:13,2026-05-12T03:13:00Z,1778555580000,STOP,EASTERN AVE SE / 36TH ST SE
police,05/11/2026 23:13,2026-05-12T03:13:00Z,1778555580000,STOP,WORDEN ST SE / FULLER AVE SE
police,05/11/2026 23:17,2026-05-12T03:17:00Z,1778555820000,STOP,28TH ST SW / CLYDE PARK AVE SW
police,05/11/2026 23:20,2026-05-12T03:20:00Z,1778556000000,STOP,WEALTHY ST SE / FULLER AVE SE
police,05/11/2026 23:38,2026-05-12T03:38:00Z,1778557080000,STOP,32ND ST SE / EASTERN AVE SE
police,05/11/2026 23:48,2026-05-12T03:48:00Z,1778557680000,STOP,800 BATES ST SE
police,05/11/2026 23:52,2026-05-12T03:52:00Z,1778557920000,STOP,EASTERN AVE SE / MARTIN LUTHER KING JR ST SE
fire,05/11/2026 23:56,2026-05-12T03:56:00Z,1778558160000,FIREALARM,100 RANSOM AVE NE
police,05/12/2026 00:01,2026-05-12T04:01:00Z,1778558460000,STOP,36TH ST SE / JEFFERSON AVE SE
police,05/12/2026 00:03,2026-05-12T04:03:00Z,1778558580000,DISO,S DIVISION AVE / WESTON ST SW
police,05/12/2026 00:06,2026-05-12T04:06:00Z,1778558760000,STOP,GARDEN ST SE / PROSPECT AVE SE
police,05/12/2026 00:07,2026-05-12T04:07:00Z,1778558820000,TRES,700 MONROE AVE NW
police,05/12/2026 00:07,2026-05-12T04:07:00Z,1778558820000,STOP,ADAMS ST SE / MADISON AVE SE
police,05/12/2026 00:08,2026-05-12T04:08:00Z,1778558880000,DOM,1000 MERRITT ST SE
police,05/12/2026 00:11,2026-05-12T04:11:00Z,1778559060000,STOP,LEONARD ST NE / COIT AVE NE
police,05/12/2026 00:19,2026-05-12T04:19:00Z,1778559540000,STOP,W FULTON ST / SEWARD AVE NW
police,05/12/2026 00:21,2026-05-12T04:21:00Z,1778559660000,STOP,LAFAYETTE AVE NE / HASTINGS ST NE
police,05/12/2026 00:29,2026-05-12T04:29:00Z,1778560140000,DOM,2400 43RD ST SE
fire,05/12/2026 00:30,2026-05-12T04:30:00Z,1778560200000,MED1,600 BURTON ST SE
fire,05/12/2026 00:43,2026-05-12T04:43:00Z,1778560980000,INVEST,400 OAKDALE ST SE
police,05/12/2026 00:44,2026-05-12T04:44:00Z,1778561040000,STOP,BURTON ST SE / NEWARK AVE SE
police,05/12/2026 00:53,2026-05-12T04:53:00Z,1778561580000,ASLT,300 S DIVISION AVE
fire,05/12/2026 00:54,2026-05-12T04:54:00Z,1778561640000,MED1,300 COMMERCE AVE SW
fire,05/12/2026 00:54,2026-05-12T04:54:00Z,1778561640000,MED1,300 RANSOM AVE NE
police,05/12/2026 00:54,2026-05-12T04:54:00Z,1778561640000,SUSPICIOUS,1100 TRUXTON AVE NE
police,05/12/2026 01:00,2026-05-12T05:00:00Z,1778562000000,911U,700 BURNS ST SW
police,05/12/2026 01:03,2026-05-12T05:03:00Z,1778562180000,TRES,0 LOUIS ST NW
police,05/12/2026 01:04,2026-05-12T05:04:00Z,1778562240000,PD,S DIVISION AVE / ALGER ST SE
police,05/12/2026 01:07,2026-05-12T05:07:00Z,1778562420000,SUSPICIOUS,900 BAXTER ST SE
police,05/12/2026 01:08,2026-05-12T05:08:00Z,1778562480000,DOM,800 KENSINGTON AVE SW
police,05/12/2026 01:12,2026-05-12T05:12:00Z,1778562720000,PDHR,HIGHLAND ST SE / S DIVISION AVE
police,05/12/2026 01:25,2026-05-12T05:25:00Z,1778563500000,STOP,DOLBEE AVE SE / BATES ST SE
fire,05/12/2026 01:43,2026-05-12T05:43:00Z,1778564580000,MED2,200 BARCLAY AVE NE
police,05/12/2026 01:49,2026-05-12T05:49:00Z,1778564940000,STOP,200 S DIVISION AVE
police,05/12/2026 02:00,2026-05-12T06:00:00Z,1778565600000,STOP,LEONARD ST NE / EASTERN AVE NE
police,05/12/2026 02:09,2026-05-12T06:09:00Z,1778566140000,ABAND,1700 DIAMOND AVE NE
police,05/12/2026 02:09,2026-05-12T06:09:00Z,1778566140000,STOP,BURTON OVER US-131
police,05/12/2026 02:37,2026-05-12T06:37:00Z,1778567820000,SUSPICIOUS,0 E FULTON ST
police,05/12/2026 02:43,2026-05-12T06:43:00Z,1778568180000,STOP,US-131 NB AT BURTON
police,05/12/2026 02:53,2026-05-12T06:53:00Z,1778568780000,TRES,300 COMMERCE AVE SW
police,05/12/2026 03:01,2026-05-12T07:01:00Z,1778569260000,ABAND,1300 PARIS AVE NE
police,05/12/2026 03:12,2026-05-12T07:12:00Z,1778569920000,DISO,800 WATSON ST SW
police,05/12/2026 03:14,2026-05-12T07:14:00Z,1778570040000,STOP,SILVER AVE SE / ARDMORE ST SE
police,05/12/2026 03:32,2026-05-12T07:32:00Z,1778571120000,STOP,28TH ST SE / UNION AVE SE
fire,05/12/2026 03:33,2026-05-12T07:33:00Z,1778571180000,MED1,2300 CHARRING CROSS DR SE
fire,05/12/2026 03:37,2026-05-12T07:37:00Z,1778571420000,MED1,1000 28TH ST SE
fire,05/12/2026 03:45,2026-05-12T07:45:00Z,1778571900000,MED1,4100 KALAMAZOO AVE SE
police,05/12/2026 03:58,2026-05-12T07:58:00Z,1778572680000,STOP,FULLER AVE NE / ECKLUND ST NE
police,05/12/2026 04:07,2026-05-12T08:07:00Z,1778573220000,STOP,BATES ST SE / HENRY AVE SE
police,05/12/2026 04:08,2026-05-12T08:08:00Z,1778573280000,STOP,BATES ST SE / HENRY AVE SE
fire,05/12/2026 04:21,2026-05-12T08:21:00Z,1778574060000,MED1,1000 CAULFIELD AVE SW
police,05/12/2026 04:35,2026-05-12T08:35:00Z,1778574900000,SHOTS,600 FAIRVIEW AVE NE
fire,05/12/2026 05:38,2026-05-12T09:38:00Z,1778578680000,MED1,200 COMMERCE AVE SW
fire,05/12/2026 05:46,2026-05-12T09:46:00Z,1778579160000,MED2,MARKET AVE SW / CHERRY ST SW
police,05/12/2026 05:49,2026-05-12T09:49:00Z,1778579340000,DISO,0 COMMERCE AVE SW-RAMP
police,05/12/2026 06:07,2026-05-12T10:07:00Z,1778580420000,SUSPICIOUS,1000 COOPER AVE SE
police,05/12/2026 06:08,2026-05-12T10:08:00Z,1778580480000,DOMA,1100 COURTNEY ST NW
police,05/12/2026 06:08,2026-05-12T10:08:00Z,1778580480000,WELFARE,2000 APPLE ORCHARD AVE NE
police,05/12/2026 06:13,2026-05-12T10:13:00Z,1778580780000,STOP,300 S DIVISION AVE
fire,05/12/2026 06:16,2026-05-12T10:16:00Z,1778580960000,MED2,1100 COURTNEY ST NW
police,05/12/2026 06:50,2026-05-12T10:50:00Z,1778583000000,STOP,100 E FULTON ST
police,05/12/2026 07:12,2026-05-12T11:12:00Z,1778584320000,BARK,600 NELAND AVE SE
fire,05/12/2026 07:13,2026-05-12T11:13:00Z,1778584380000,MED1,1100 MARSHALL AVE SE
police,05/12/2026 07:23,2026-05-12T11:23:00Z,1778584980000,DOM,2900 MARSHALL AVE SE
police,05/12/2026 07:31,2026-05-12T11:31:00Z,1778585460000,ASSIST,1300 CARMAN AVE NE
fire,05/12/2026 07:35,2026-05-12T11:35:00Z,1778585700000,MED2,US-131 NB AT WEALTHY
police,05/12/2026 07:37,2026-05-12T11:37:00Z,1778585820000,UNKACC,US-131 NB AT WEALTHY
police,05/12/2026 07:47,2026-05-12T11:47:00Z,1778586420000,MDOP,2900 MARSHALL AVE SE
police,05/12/2026 08:00,2026-05-12T12:00:00Z,1778587200000,ASLTW,2900 MARSHALL AVE SE
police,05/12/2026 08:04,2026-05-12T12:04:00Z,1778587440000,DOM,1000 LINCOLN AVE NW
fire,05/12/2026 08:11,2026-05-12T12:11:00Z,1778587860000,MED1,1200 LEONARD ST NE
police,05/12/2026 08:14,2026-05-12T12:14:00Z,1778588040000,SUICIDETH,600 OAKDALE ST SE
fire,05/12/2026 08:15,2026-05-12T12:15:00Z,1778588100000,MED1,EAST BELTLINE AVE NE / KNAPP ST NE
police,05/12/2026 08:15,2026-05-12T12:15:00Z,1778588100000,UNKACC,EAST BELTLINE AVE NE / KNAPP ST NE
police,05/12/2026 08:15,2026-05-12T12:15:00Z,1778588100000,PD,US-131 SB IN S-CURVE
police,05/12/2026 08:17,2026-05-12T12:17:00Z,1778588220000,ALARM,400 S DIVISION AVE
police,05/12/2026 08:24,2026-05-12T12:24:00Z,1778588640000,ALARM,1100 JEFFERSON AVE SE
police,05/12/2026 08:36,2026-05-12T12:36:00Z,1778589360000,STOP,COVELL AVE NW / BIRCH DR NW
police,05/12/2026 08:39,2026-05-12T12:39:00Z,1778589540000,STOP,LEONARD ST NE / DIAMOND AVE NE
police,05/12/2026 08:43,2026-05-12T12:43:00Z,1778589780000,TRES,100 E FULTON ST
police,05/12/2026 08:58,2026-05-12T12:58:00Z,1778590680000,DOM,200 COLDBROOK ST NE
fire,05/12/2026 09:01,2026-05-12T13:01:00Z,1778590860000,FIREALARM,1300 EAST BELTLINE AVE SE
police,05/12/2026 09:01,2026-05-12T13:01:00Z,1778590860000,LOSTFOUND,100 HIGHLAND ST SE
police,05/12/2026 09:02,2026-05-12T13:02:00Z,1778590920000,911U,1500 MICHIGAN ST NE
police,05/12/2026 09:05,2026-05-12T13:05:00Z,1778591100000,DOMA,0 WILLIAMS ST SW
police,05/12/2026 09:06,2026-05-12T13:06:00Z,1778591160000,PIHR,BROADWAY AVE NW / 6TH ST NW
police,05/12/2026 09:09,2026-05-12T13:09:00Z,1778591340000,STOP,1300 LEONARD ST NE
fire,05/12/2026 09:12,2026-05-12T13:12:00Z,1778591520000,FIREALARM,2500 LAKE MICHIGAN DR NW
fire,05/12/2026 09:18,2026-05-12T13:18:00Z,1778591880000,FIREALARM,600 MONROE AVE NW
fire,05/12/2026 09:20,2026-05-12T13:20:00Z,1778592000000,MED1,200 COMMERCE AVE SW
police,05/12/2026 09:27,2026-05-12T13:27:00Z,1778592420000,MDOP,700 BURTON ST SE
police,05/12/2026 09:39,2026-05-12T13:39:00Z,1778593140000,THREAT,1800 TREMONT BLVD NW
police,05/12/2026 09:43,2026-05-12T13:43:00Z,1778593380000,STOP,600 28TH ST SE
fire,05/12/2026 09:47,2026-05-12T13:47:00Z,1778593620000,FIREALARM,1400 FULLER AVE SE
police,05/12/2026 09:47,2026-05-12T13:47:00Z,1778593620000,911U,2600 KALAMAZOO AVE SE
police,05/12/2026 09:47,2026-05-12T13:47:00Z,1778593620000,DOMA,2600 KALAMAZOO AVE SE
police,05/12/2026 09:51,2026-05-12T13:51:00Z,1778593860000,STOP,300 IONIA AVE SW
fire,05/12/2026 09:55,2026-05-12T13:55:00Z,1778594100000,MED2,MICHIGAN ST NE / BARCLAY AVE NE
police,05/12/2026 10:00,2026-05-12T14:00:00Z,1778594400000,BROADCAST,MICHIGAN ST NE / BARCLAY AVE NE
fire,05/12/2026 10:09,2026-05-12T14:09:00Z,1778594940000,WIRE,2000 STAFFORD AVE SW
police,05/12/2026 10:09,2026-05-12T14:09:00Z,1778594940000,VEHI,1800 ADAMS ST SE
police,05/12/2026 10:18,2026-05-12T14:18:00Z,1778595480000,STOP,S DIVISION AVE / LOGAN ST SE
police,05/12/2026 10:23,2026-05-12T14:23:00Z,1778595780000,BURGC,100 ANTOINE ST SW
fire,05/12/2026 10:38,2026-05-12T14:38:00Z,1778596680000,MED1,2100 RAYBROOK AVE SE
police,05/12/2026 10:39,2026-05-12T14:39:00Z,1778596740000,WELFARE,200 JEFFERSON AVE SE
fire,05/12/2026 10:42,2026-05-12T14:42:00Z,1778596920000,MED2,LAFAYETTE UNDER I-196
police,05/12/2026 10:51,2026-05-12T14:51:00Z,1778597460000,LITTER,1100 BUTTERWORTH ST SW
police,05/12/2026 10:56,2026-05-12T14:56:00Z,1778597760000,ASSIST,PLAINFIELD AVE NE / 3 MILE RD NE
police,05/12/2026 11:02,2026-05-12T15:02:00Z,1778598120000,SUICIDETH,2100 RIDGECREST RD SE
police,05/12/2026 11:03,2026-05-12T15:03:00Z,1778598180000,WELFARE,300 CESAR E CHAVEZ AVE SW
police,05/12/2026 11:11,2026-05-12T15:11:00Z,1778598660000,DOMA,1300 DIAMOND AVE NE
police,05/12/2026 11:12,2026-05-12T15:12:00Z,1778598720000,DISO,400 SEWARD AVE NW
police,05/12/2026 11:26,2026-05-12T15:26:00Z,1778599560000,DISO,1500 E FULTON ST
police,05/12/2026 11:28,2026-05-12T15:28:00Z,1778599680000,THREAT,2300 PLAINFIELD AVE NE
fire,05/12/2026 11:32,2026-05-12T15:32:00Z,1778599920000,MED1,100 CHERRY ST SE
police,05/12/2026 11:41,2026-05-12T15:41:00Z,1778600460000,STOP,S DIVISION AVE / MARTIN LUTHER KING JR ST SW
police,05/12/2026 11:50,2026-05-12T15:50:00Z,1778601000000,WELFARE,0 CANTON ST SW
fire,05/12/2026 11:57,2026-05-12T15:57:00Z,1778601420000,MED2,800 MICHIGAN ST NE
police,05/12/2026 11:57,2026-05-12T15:57:00Z,1778601420000,SUSPICIOUS,2700 29TH ST SE
fire,05/12/2026 12:05,2026-05-12T16:05:00Z,1778601900000,MED2,600 CURVE ST SW
police,05/12/2026 12:05,2026-05-12T16:05:00Z,1778601900000,ASSIST,1900 KALAMAZOO AVE SE
police,05/12/2026 12:13,2026-05-12T16:13:00Z,1778602380000,WELFARE,FULLER AVE NE / LEONARD ST NE
police,05/12/2026 12:14,2026-05-12T16:14:00Z,1778602440000,ABUSE,1200 EUCLID AVE SE
fire,05/12/2026 12:18,2026-05-12T16:18:00Z,1778602680000,MED1,100 CHERRY ST SE
fire,05/12/2026 12:18,2026-05-12T16:18:00Z,1778602680000,MED2,1400 8TH ST NW
police,05/12/2026 12:24,2026-05-12T16:24:00Z,1778603040000,STOP,W FULTON ST / OTTAWA AVE NW
police,05/12/2026 12:30,2026-05-12T16:30:00Z,1778603400000,STOP,S DIVISION AVE / GOODRICH ST SE
police,05/12/2026 12:35,2026-05-12T16:35:00Z,1778603700000,PARKING,900 2ND ST NW
fire,05/12/2026 12:42,2026-05-12T16:42:00Z,1778604120000,MED1,3500 EAST MALL DR SE
police,05/12/2026 12:43,2026-05-12T16:43:00Z,1778604180000,STOP,IONIA AVE SW / GRAHAM ST SW
police,05/12/2026 12:48,2026-05-12T16:48:00Z,1778604480000,FI,300 IONIA AVE SW
police,05/12/2026 12:49,2026-05-12T16:49:00Z,1778604540000,STOP,300 IONIA AVE SW
police,05/12/2026 13:05,2026-05-12T17:05:00Z,1778605500000,DISO,700 STOCKING AVE NW
fire,05/12/2026 13:19,2026-05-12T17:19:00Z,1778606340000,MED1,1900 RADCLIFF AVE SE
police,05/12/2026 13:19,2026-05-12T17:19:00Z,1778606340000,PEACE,1900 MASON ST NE
police,05/12/2026 13:19,2026-05-12T17:19:00Z,1778606340000,PARKING,300 PALMER ST NE
police,05/12/2026 13:20,2026-05-12T17:20:00Z,1778606400000,OBSCENE,0 WESTON ST SW
police,05/12/2026 13:21,2026-05-12T17:21:00Z,1778606460000,TAC,0 QUIMBY ST NE
police,05/12/2026 13:30,2026-05-12T17:30:00Z,1778607000000,NOISE,2200 MCKEE AVE SW
police,05/12/2026 13:40,2026-05-12T17:40:00Z,1778607600000,DISO,2200 APPLE AVE NW
fire,05/12/2026 13:42,2026-05-12T17:42:00Z,1778607720000,MED1,3400 28TH ST SE
fire,05/12/2026 13:51,2026-05-12T17:51:00Z,1778608260000,TECHRESCUE,200 BOSTWICK AVE NE
fire,05/12/2026 13:53,2026-05-12T17:53:00Z,1778608380000,MED1,LEONARD ST NW / HAMILTON AVE NW
police,05/12/2026 13:54,2026-05-12T17:54:00Z,1778608440000,PD,BURTON ALY SW / DARWIN AVE SW
police,05/12/2026 13:56,2026-05-12T17:56:00Z,1778608560000,TAC,0 QUIMBY ST NE
police,05/12/2026 14:00,2026-05-12T18:00:00Z,1778608800000,DISO,CHERRY ST SE / (WO)LA GRAVE AVE SE
fire,05/12/2026 14:04,2026-05-12T18:04:00Z,1778609040000,MED1,800 S DIVISION AVE
fire,05/12/2026 14:07,2026-05-12T18:07:00Z,1778609220000,FIREALARM,2700 28TH ST SE
fire,05/12/2026 14:13,2026-05-12T18:13:00Z,1778609580000,INVEST,200 SPENCER ST NE
police,05/12/2026 14:32,2026-05-12T18:32:00Z,1778610720000,THREAT,1500 MOUNT MERCY DR NW
police,05/12/2026 14:32,2026-05-12T18:32:00Z,1778610720000,DOM,4100 OAK PARK DR SE
fire,05/12/2026 14:41,2026-05-12T18:41:00Z,1778611260000,MED1,FRONT UNDER US-131
police,05/12/2026 14:41,2026-05-12T18:41:00Z,1778611260000,ALARM,1700 BENJAMIN AVE NE
police,05/12/2026 14:48,2026-05-12T18:48:00Z,1778611680000,TRANSP,800 VAN BUREN AVE NW
police,05/12/2026 14:50,2026-05-12T18:50:00Z,1778611800000,PBT,0 LOGAN ST SW
police,05/12/2026 15:00,2026-05-12T19:00:00Z,1778612400000,911U,3000 ENGLEWOOD AVE SE
police,05/12/2026 15:01,2026-05-12T19:01:00Z,1778612460000,TAC,2500 31ST ST SW
fire,05/12/2026 15:03,2026-05-12T19:03:00Z,1778612580000,MED1,700 BRIDGE ST NW
police,05/12/2026 15:14,2026-05-12T19:14:00Z,1778613240000,UNKACC,300 LA GRAVE AVE SE
fire,05/12/2026 15:16,2026-05-12T19:16:00Z,1778613360000,MED2,600 W FULTON ST
police,05/12/2026 15:18,2026-05-12T19:18:00Z,1778613480000,FIGHT,2200 GORDON ST NW
police,05/12/2026 15:21,2026-05-12T19:21:00Z,1778613660000,PDHR,US-131 NB NO BURTON
fire,05/12/2026 15:32,2026-05-12T19:32:00Z,1778614320000,MED1,LA GRAVE AVE SE / WEALTHY ST SE
police,05/12/2026 15:33,2026-05-12T19:33:00Z,1778614380000,PI,LA GRAVE AVE SE / WEALTHY ST SE
police,05/12/2026 15:34,2026-05-12T19:34:00Z,1778614440000,PDB,S DIVISION AVE / GRIGGS ST SE
fire,05/12/2026 15:35,2026-05-12T19:35:00Z,1778614500000,MED0,200 FOUNTAIN ST NE
police,05/12/2026 15:37,2026-05-12T19:37:00Z,1778614620000,SUICIDEAT,200 FOUNTAIN ST NE
police,05/12/2026 15:40,2026-05-12T19:40:00Z,1778614800000,DISO,0 MONROE CENTER ST NW
police,05/12/2026 15:53,2026-05-12T19:53:00Z,1778615580000,DOM,700 KIRTLAND ST SW
fire,05/12/2026 16:06,2026-05-12T20:06:00Z,1778616360000,MED1,2400 EASTERN AVE SE
police,05/12/2026 16:10,2026-05-12T20:10:00Z,1778616600000,ASLT,600 BRIDGE ST NW
fire,05/12/2026 16:15,2026-05-12T20:15:00Z,1778616900000,FIREALARM,0 MONROE AVE NW
police,05/12/2026 16:18,2026-05-12T20:18:00Z,1778617080000,DISO,2200 STAFFORD AVE SW
fire,05/12/2026 16:23,2026-05-12T20:23:00Z,1778617380000,MED1,SHERMAN ST SE / EASTERN AVE SE
police,05/12/2026 16:23,2026-05-12T20:23:00Z,1778617380000,BURGC,0 QUIMBY ST NE
police,05/12/2026 16:24,2026-05-12T20:24:00Z,1778617440000,TRANSP,100 MICHIGAN ST NE
police,05/12/2026 16:27,2026-05-12T20:27:00Z,1778617620000,DOMA,1100 DICKINSON ST SE
fire,05/12/2026 17:01,2026-05-12T21:01:00Z,1778619660000,FIREALARM,1600 MARTIN LUTHER KING JR ST SE
police,05/12/2026 17:01,2026-05-12T21:01:00Z,1778619660000,PD,ANN TO US-131 NB RAMP
police,05/12/2026 17:09,2026-05-12T21:09:00Z,1778620140000,PDB,32ND ST SE / KALAMAZOO AVE SE
police,05/12/2026 17:16,2026-05-12T21:16:00Z,1778620560000,ASSIST,1100 MONROE AVE NW
police,05/12/2026 17:35,2026-05-12T21:35:00Z,1778621700000,ASLT,700 MICHIGAN ST NE
police,05/12/2026 17:45,2026-05-12T21:45:00Z,1778622300000,PDHR,US-131 NB AT ANN ST NW
fire,05/12/2026 17:46,2026-05-12T21:46:00Z,1778622360000,INVEST,1100 BUTTERWORTH ST SW
police,05/12/2026 18:00,2026-05-12T22:00:00Z,1778623200000,THREAT,500 S DIVISION AVE
police,05/12/2026 18:01,2026-05-12T22:01:00Z,1778623260000,DOM,800 MYRTLE ST NW
police,05/12/2026 18:06,2026-05-12T22:06:00Z,1778623560000,ALARM,1400 CENTURY AVE SW
police,05/12/2026 18:11,2026-05-12T22:11:00Z,1778623860000,DOMA,600 VRIES ST SW
police,05/12/2026 18:15,2026-05-12T22:15:00Z,1778624100000,ALARM,1500 MONROE AVE NW
police,05/12/2026 18:17,2026-05-12T22:17:00Z,1778624220000,SUICIDETH,500 MAYNARD AVE NW
police,05/12/2026 18:25,2026-05-12T22:25:00Z,1778624700000,DOMA,300 QUIMBY ST NE
police,05/12/2026 18:30,2026-05-12T22:30:00Z,1778625000000,WELFARE,28TH ST SE / (EO)KALAMAZOO AVE SE
fire,05/12/2026 18:49,2026-05-12T22:49:00Z,1778626140000,MED1,2000 MEADOW DALE DR NW
police,05/12/2026 18:51,2026-05-12T22:51:00Z,1778626260000,WELFARE,JEFFERSON AVE SE / WEALTHY ST SE
fire,05/12/2026 18:55,2026-05-12T22:55:00Z,1778626500000,MED2,1300 WEALTHY ST SE
police,05/12/2026 18:56,2026-05-12T22:56:00Z,1778626560000,NOISE,700 OAKDALE ST SE
police,05/12/2026 18:57,2026-05-12T22:57:00Z,1778626620000,STOP,S DIVISION AVE / CHERRY ST SE
fire,05/12/2026 18:58,2026-05-12T22:58:00Z,1778626680000,MED1,3900 STAHL DR SE
fire,05/12/2026 19:04,2026-05-12T23:04:00Z,1778627040000,FIREALARM,0 LOGAN ST SW
police,05/12/2026 19:06,2026-05-12T23:06:00Z,1778627160000,ALARM,100 WESTON ST SW
police,05/12/2026 19:07,2026-05-12T23:07:00Z,1778627220000,DOMA,1100 JEFFERSON AVE SE
fire,05/12/2026 19:13,2026-05-12T23:13:00Z,1778627580000,MED2,100 LYON ST NW
police,05/12/2026 19:21,2026-05-12T23:21:00Z,1778628060000,WARRANTA,100 GUILD ST NE
police,05/12/2026 19:26,2026-05-12T23:26:00Z,1778628360000,STOP,1200 FULLER AVE NE
police,05/12/2026 19:26,2026-05-12T23:26:00Z,1778628360000,ABUSE,600 PETTIBONE AVE NW
police,05/12/2026 19:27,2026-05-12T23:27:00Z,1778628420000,STOP,N DIVISION AVE / LYON ST NW
police,05/12/2026 19:29,2026-05-12T23:29:00Z,1778628540000,ASLT,900 BURTON ST SE
fire,05/12/2026 19:30,2026-05-12T23:30:00Z,1778628600000,MED2,LANE AVE NW / BRIDGE ST NW
police,05/12/2026 19:30,2026-05-12T23:30:00Z,1778628600000,SUICIDEAT,LANE AVE NW / BRIDGE ST NW
fire,05/12/2026 19:31,2026-05-12T23:31:00Z,1778628660000,MED1,300 PAGE ST NE
police,05/12/2026 19:34,2026-05-12T23:34:00Z,1778628840000,PARKING,1400 ALPINE AVE NW
police,05/12/2026 19:41,2026-05-12T23:41:00Z,1778629260000,DOM,2900 MARSHALL AVE SE
police,05/12/2026 19:42,2026-05-12T23:42:00Z,1778629320000,STOP,DIAMOND AVE SE / LAKE DR SE
police,05/12/2026 19:42,2026-05-12T23:42:00Z,1778629320000,STOP,WEALTHY ST SW / CESAR E CHAVEZ AVE SW
police,05/12/2026 19:45,2026-05-12T23:45:00Z,1778629500000,ASLT,900 ALEXANDER ST SE
police,05/12/2026 19:47,2026-05-12T23:47:00Z,1778629620000,ASSIST,US-131 NB TO BURTON RAMP
police,05/12/2026 19:50,2026-05-12T23:50:00Z,1778629800000,STOP,LA GRAVE AVE SE / WEALTHY ST SE
police,05/12/2026 19:59,2026-05-12T23:59:00Z,1778630340000,SUSPICIOUS,200 PALMER ST NE
police,05/12/2026 20:00,2026-05-13T00:00:00Z,1778630400000,DOM,2100 CELEBRATION DR NE
police,05/12/2026 20:03,2026-05-13T00:03:00Z,1778630580000,ASSIST,300 PAGE ST NE
police,05/12/2026 20:09,2026-05-13T00:09:00Z,1778630940000,FI,1300 BURTON ST SE
police,05/12/2026 20:21,2026-05-13T00:21:00Z,1778631660000,ANIL,700 LINCOLN AVE NW
fire,05/12/2026 20:31,2026-05-13T00:31:00Z,1778632260000,FIREOTHER,100 COLLEGE AVE SE
fire,05/12/2026 20:31,2026-05-13T00:31:00Z,1778632260000,MED1,COIT AVE NE / TROWBRIDGE ST NE
police,05/12/2026 20:32,2026-05-13T00:32:00Z,1778632320000,UNKACC,COIT AVE NE / TROWBRIDGE ST NE
fire,05/12/2026 20:47,2026-05-13T00:47:00Z,1778633220000,MED1,800 FULLER AVE NE
fire,05/12/2026 20:50,2026-05-13T00:50:00Z,1778633400000,MED1,1900 BRIDGE ST NW
police,05/12/2026 21:03,2026-05-13T01:03:00Z,1778634180000,TRES,1900 KALAMAZOO AVE SE
police,05/12/2026 21:03,2026-05-13T01:03:00Z,1778634180000,STOP,N DIVISION AVE / COLDBROOK ST NW
police,05/12/2026 21:04,2026-05-13T01:04:00Z,1778634240000,NOISE,900 ALPINE AVE NW
fire,05/12/2026 21:08,2026-05-13T01:08:00Z,1778634480000,MED1,2100 LAFAYETTE AVE NE
fire,05/12/2026 21:22,2026-05-13T01:22:00Z,1778635320000,MED1,4200 EASTCASTLE CT SE
police,05/12/2026 21:24,2026-05-13T01:24:00Z,1778635440000,THREAT,800 1ST ST NW
police,05/12/2026 21:25,2026-05-13T01:25:00Z,1778635500000,ALARM,4200 KALAMAZOO AVE SE
police,05/12/2026 21:29,2026-05-13T01:29:00Z,1778635740000,SUSPICIOUS,1500 CALVIN AVE SE
fire,05/12/2026 21:37,2026-05-13T01:37:00Z,1778636220000,MED1,1200 LAFAYETTE AVE SE
police,05/12/2026 21:37,2026-05-13T01:37:00Z,1778636220000,BURGO,1900 HUTCHINSON AVE SE
police,05/12/2026 21:38,2026-05-13T01:38:00Z,1778636280000,STOP,OAKES ST SW / CESAR E CHAVEZ AVE SW
fire,05/12/2026 22:02,2026-05-13T02:02:00Z,1778637720000,MED1,1100 BALDWIN ST SE
police,05/12/2026 22:06,2026-05-13T02:06:00Z,1778637960000,DOM,0 COLLEGE AVE SE
police,05/12/2026 22:13,2026-05-13T02:13:00Z,1778638380000,ALARM,1000 28TH ST SE
fire,05/12/2026 22:15,2026-05-13T02:15:00Z,1778638500000,WIRE,ALEXANDER ST SE / GIDDINGS AVE SE
police,05/12/2026 22:16,2026-05-13T02:16:00Z,1778638560000,SUSPICIOUS,700 BUTTERWORTH ST SW
police,05/12/2026 22:35,2026-05-13T02:35:00Z,1778639700000,TRES,200 WARREN AVE SE
police,05/12/2026 22:39,2026-05-13T02:39:00Z,1778639940000,SUICIDETH,2000 CONLON AVE SE
police,05/12/2026 22:44,2026-05-13T02:44:00Z,1778640240000,WELFARE,1500 LEONARD ST NE
police,05/12/2026 22:45,2026-05-13T02:45:00Z,1778640300000,STOP,2500 EASTERN AVE SE
fire,05/12/2026 22:47,2026-05-13T02:47:00Z,1778640420000,MED2,2200 43RD ST SE
police,05/12/2026 22:49,2026-05-13T02:49:00Z,1778640540000,ASLTW,2200 43RD ST SE
police,05/12/2026 23:06,2026-05-13T03:06:00Z,1778641560000,STOP,S DIVISION AVE / DELAWARE ST SE
police,05/12/2026 23:06,2026-05-13T03:06:00Z,1778641560000,STOP,TRAVIS ST NE / CENTER AVE NE
police,05/12/2026 23:09,2026-05-13T03:09:00Z,1778641740000,SUSPICIOUS,1900 HORTON AVE SE
police,05/12/2026 23:14,2026-05-13T03:14:00Z,1778642040000,STOP,MICHIGAN ST NE / UNION AVE NE
police,05/12/2026 23:15,2026-05-13T03:15:00Z,1778642100000,STOP,FRANCIS AVE SE / BURTON ST SE
fire,05/12/2026 23:18,2026-05-13T03:18:00Z,1778642280000,MED1,1200 DUNHAM ST SE
police,05/12/2026 23:24,2026-05-13T03:24:00Z,1778642640000,STOP,KALAMAZOO AVE SE / HALL ST SE
police,05/12/2026 23:29,2026-05-13T03:29:00Z,1778642940000,SUSPICIOUS,700 SLIGH BLVD NE
police,05/12/2026 23:51,2026-05-13T03:51:00Z,1778644260000,DISO,2100 LEONARD ST NE
police,05/12/2026 23:53,2026-05-13T03:53:00Z,1778644380000,STOP,28TH ST SE / EAST PARIS AVE SE
police,05/12/2026 23:58,2026-05-13T03:58:00Z,1778644680000,SUSPICIOUS,200 DIAMOND AVE SE
police,05/13/2026 00:02,2026-05-13T04:02:00Z,1778644920000,ALARM,500 CRESCENT ST NE
police,05/13/2026 00:05,2026-05-13T04:05:00Z,1778645100000,ROBUP,400 S DIVISION AVE
police,05/13/2026 00:06,2026-05-13T04:06:00Z,1778645160000,DOM,2200 APPLE AVE NW
police,05/13/2026 00:09,2026-05-13T04:09:00Z,1778645340000,911U,700 WHALEN CT NW
police,05/13/2026 00:10,2026-05-13T04:10:00Z,1778645400000,SUICIDETH,2100 MADISON AVE SE
fire,05/13/2026 00:13,2026-05-13T04:13:00Z,1778645580000,MED1,2100 MADISON AVE SE
fire,05/13/2026 00:14,2026-05-13T04:14:00Z,1778645640000,MED2,700 WHALEN CT NW
police,05/13/2026 00:24,2026-05-13T04:24:00Z,1778646240000,DISO,1000 SHELDON AVE SE
police,05/13/2026 00:45,2026-05-13T04:45:00Z,1778647500000,TRES,100 OTTAWA AVE SW-RAMP
police,05/13/2026 00:45,2026-05-13T04:45:00Z,1778647500000,STOP,EAST BELTLINE AVE SE / 28TH ST SE
police,05/13/2026 00:52,2026-05-13T04:52:00Z,1778647920000,911U,1900 KALAMAZOO AVE SE
police,05/13/2026 01:10,2026-05-13T05:10:00Z,1778649000000,ALARM,2500 EAST PARIS AVE SE
fire,05/13/2026 01:12,2026-05-13T05:12:00Z,1778649120000,MED1,100 WESTON ST SW
police,05/13/2026 01:12,2026-05-13T05:12:00Z,1778649120000,STOP,S DIVISION AVE / WEALTHY ST SE
police,05/13/2026 01:13,2026-05-13T05:13:00Z,1778649180000,ALARM,100 OTTAWA AVE NW
police,05/13/2026 01:13,2026-05-13T05:13:00Z,1778649180000,STOP,LEONARD ST NE / PLAINFIELD AVE NE
police,05/13/2026 01:19,2026-05-13T05:19:00Z,1778649540000,DISO,3200 PLAINFIELD AVE NE
police,05/13/2026 01:22,2026-05-13T05:22:00Z,1778649720000,STOP,EASTERN AVE SE / 32ND ST SE
police,05/13/2026 01:25,2026-05-13T05:25:00Z,1778649900000,WELFARE,0 MONROE CENTER ST NW
police,05/13/2026 01:27,2026-05-13T05:27:00Z,1778650020000,NOISE,700 FAIRVIEW AVE NE
police,05/13/2026 01:28,2026-05-13T05:28:00Z,1778650080000,STOP,600 FRONT AVE NW
police,05/13/2026 01:33,2026-05-13T05:33:00Z,1778650380000,ASSIST,1500 E FULTON ST
police,05/13/2026 01:52,2026-05-13T05:52:00Z,1778651520000,STOP,MADISON AVE SE / 28TH ST SE
police,05/13/2026 02:05,2026-05-13T06:05:00Z,1778652300000,STOP,HALL ST SW / IONIA AVE SW
police,05/13/2026 02:07,2026-05-13T06:07:00Z,1778652420000,STOP,32ND ST SE / UNION AVE SE
police,05/13/2026 02:10,2026-05-13T06:10:00Z,1778652600000,STOP,HALL ST SW / IONIA AVE SW
police,05/13/2026 02:13,2026-05-13T06:13:00Z,1778652780000,STOP,33RD ST SE / EASTERN AVE SE
police,05/13/2026 02:19,2026-05-13T06:19:00Z,1778653140000,STOP,PLAINFIELD AVE NE / LEONARD ST NE
police,05/13/2026 02:24,2026-05-13T06:24:00Z,1778653440000,DOM,700 MARTIN LUTHER KING JR ST SE
fire,05/13/2026 02:25,2026-05-13T06:25:00Z,1778653500000,MED1,HALL ST SW / IONIA AVE SW
police,05/13/2026 02:42,2026-05-13T06:42:00Z,1778654520000,STOP,ADAMS ST SE / KALAMAZOO AVE SE
police,05/13/2026 02:46,2026-05-13T06:46:00Z,1778654760000,DOM,2100 SHANGRAI LA DR SE
police,05/13/2026 02:56,2026-05-13T06:56:00Z,1778655360000,STOP,COLLEGE AVE NE / MICHIGAN ST NE
police,05/13/2026 02:57,2026-05-13T06:57:00Z,1778655420000,SUSPICIOUS,1500 E FULTON ST
fire,05/13/2026 03:29,2026-05-13T07:29:00Z,1778657340000,MED1,4000 TRADE DR SE
police,05/13/2026 03:31,2026-05-13T07:31:00Z,1778657460000,ALARM,700 EAST BELTLINE AVE NE
police,05/13/2026 03:38,2026-05-13T07:38:00Z,1778657880000,STOP,EMPEROR ST SW / FRONT AVE SW
fire,05/13/2026 03:49,2026-05-13T07:49:00Z,1778658540000,MED2,500 BRIDGE ST NW
police,05/13/2026 03:52,2026-05-13T07:52:00Z,1778658720000,STOP,HALL ST SE / LAFAYETTE AVE SE
police,05/13/2026 04:09,2026-05-13T08:09:00Z,1778659740000,ALARM,1100 GODFREY AVE SW
fire,05/13/2026 04:24,2026-05-13T08:24:00Z,1778660640000,MED1,HOYT ST SE / NELSON AVE SE
police,05/13/2026 04:26,2026-05-13T08:26:00Z,1778660760000,DISO,IONIA AVE NW / MONROE CENTER ST NW
police,05/13/2026 04:32,2026-05-13T08:32:00Z,1778661120000,STOP,COLLEGE AVE NE / TROWBRIDGE ST NE
fire,05/13/2026 04:33,2026-05-13T08:33:00Z,1778661180000,MED1,700 28TH ST SE
fire,05/13/2026 04:48,2026-05-13T08:48:00Z,1778662080000,FIREALARM,1900 32ND ST SE
police,05/13/2026 04:56,2026-05-13T08:56:00Z,1778662560000,ALARM,1900 TURNER AVE NW
police,05/13/2026 05:20,2026-05-13T09:20:00Z,1778664000000,ASLT,E FULTON ST / SHELDON AVE SE
police,05/13/2026 06:33,2026-05-13T10:33:00Z,1778668380000,ALARM,2200 EAST BELTLINE AVE NE
police,05/13/2026 06:33,2026-05-13T10:33:00Z,1778668380000,STOP,SHELDON AVE SE / WESTON ST SE
police,05/13/2026 06:40,2026-05-13T10:40:00Z,1778668800000,PDHR,US-131 NB TO LEONARD RAMP
police,05/13/2026 06:44,2026-05-13T10:44:00Z,1778669040000,PDB,ADAMS ST SE / PLYMOUTH AVE SE
fire,05/13/2026 06:47,2026-05-13T10:47:00Z,1778669220000,WIRE,400 WALNUT ST NE
police,05/13/2026 06:48,2026-05-13T10:48:00Z,1778669280000,WELFARE,900 CARRIER CREEK BLVD NE
police,05/13/2026 06:51,2026-05-13T10:51:00Z,1778669460000,STOP,SHELDON AVE SE / DELAWARE ST SE
police,05/13/2026 06:53,2026-05-13T10:53:00Z,1778669580000,STOP,LOGAN ST SE / SHELDON AVE SE
police,05/13/2026 06:54,2026-05-13T10:54:00Z,1778669640000,TRES,1100 JEFFERSON AVE SE
police,05/13/2026 06:55,2026-05-13T10:55:00Z,1778669700000,STOP,1ST ST NW / STOCKING AVE NW
police,05/13/2026 07:05,2026-05-13T11:05:00Z,1778670300000,DOM,1000 CASS AVE SE
police,05/13/2026 07:08,2026-05-13T11:08:00Z,1778670480000,PD,BURTON ST SE / EAST BELTLINE AVE SE
police,05/13/2026 07:10,2026-05-13T11:10:00Z,1778670600000,STOP,MICHIGAN ST NE / BENSON AVE NE
police,05/13/2026 07:12,2026-05-13T11:12:00Z,1778670720000,STOP,500 BRIDGE ST NW
police,05/13/2026 07:14,2026-05-13T11:14:00Z,1778670840000,STOP,LEONARD ST NW / VALLEY AVE NW
police,05/13/2026 07:23,2026-05-13T11:23:00Z,1778671380000,ALARM,0 BUCKLEY ST SW
police,05/13/2026 07:32,2026-05-13T11:32:00Z,1778671920000,WARRANTA,S DIVISION AVE / WITHEY ST SE
police,05/13/2026 07:33,2026-05-13T11:33:00Z,1778671980000,ALARM,2200 EAST BELTLINE AVE NE
police,05/13/2026 07:35,2026-05-13T11:35:00Z,1778672100000,STOP,STOCKING AVE NW / (NO)BRIDGE ST NW
police,05/13/2026 07:39,2026-05-13T11:39:00Z,1778672340000,SUSPICIOUS,400 MORRIS AVE SE
police,05/13/2026 07:56,2026-05-13T11:56:00Z,1778673360000,ALARM,2200 S DIVISION AVE
